feat,p_mw,med_win,med_loss,rho,p_rho,q_mw,q_rho
ichi_conv_base|entry_m_top,0.004744538000883214,-2.2991468859238084,-2.9070151200839334,0.11116226460733497,0.025460724643521494,0.9832415517135147,0.998188017608607
mass|entry_m_top,0.007897561126602552,-1.581139486269084,-0.2880505331587955,-0.1524987238177912,0.0021143198851275775,0.9832415517135147,0.4582788351014024
tk_buy15|entry_m_top,0.01082444017381423,-3.5947277391099917,-2.590829549655364,-0.11621055768333476,0.027042382329409507,0.9832415517135147,0.998188017608607
ulcer|entry_m_top,0.011620315940950598,2.18895129104882,2.750215753848038,-0.1393259756083135,0.005024859770408693,0.9832415517135147,0.5445691776180421
mfi|entry_m_top,0.014380303903602707,-51.042000586490246,-46.7540531000948,-0.09257029921354419,0.06304585804992341,0.9832415517135147,0.998188017608607
sma5_20_x|watch_min,0.01657233735319931,-2.999839448691499,-3.4457320259428825,0.09007519422315942,0.07051982659027647,0.9832415517135147,0.998188017608607
zscore60|watch_max,0.01918363049319757,3.873411465258387,3.623364495640456,0.07343730237374439,0.1406194619360249,0.9832415517135147,0.998188017608607
ao|watch_min,0.021900570923467356,-3.2144698226362274,-4.091734585400439,0.08267833250590137,0.09701365734979739,0.9832415517135147,0.998188017608607
ulcer|at_entry,0.02217247480973268,3.4010230026216117,3.778456197353704,-0.10671321888185509,0.03200166661917621,0.9832415517135147,0.998188017608607
tk_buy60|entry_m_top,0.023160661177783117,-1.078242558696406,-0.7403863648731459,-0.1420682892452694,0.007176584288323644,0.9832415517135147,0.6312493463085331
ichi_conv_base|at_entry,0.02366397553292131,-0.8621888471700867,-1.0943654331470043,0.05719555560397875,0.25138429774624116,0.9832415517135147,0.998188017608607
roc15|retr_mean,0.024836507596277944,-0.5472390667907324,-0.8336626846569617,0.1287569120849223,0.009576554824226743,0.9832415517135147,0.6386825409695835
roc15|watch_min,0.024918815457265396,-7.05932383584946,-7.839608379526322,0.10548295012892586,0.03404586834543689,0.9832415517135147,0.998188017608607
bb_pctb|watch_max,0.024918868135047848,1.3371650258038763,1.3105075412662777,0.06360065327798992,0.20206576178704078,0.9832415517135147,0.998188017608607
zscore20|watch_max,0.02494638733954026,3.26387013004972,3.159940124879451,0.06356816574337214,0.20229676575001754,0.9832415517135147,0.998188017608607
sma20_dev|watch_min,0.029446054264429717,-5.0825652452328285,-5.649694333894062,0.12921312070597676,0.009322038231301878,0.9832415517135147,0.6386825409695835
tk_buy1|watch_slope,0.0350071619173732,-0.02118515121298365,-0.0174269111338145,-0.08420149549831456,0.10974433917635618,0.9832415517135147,0.998188017608607
eom|watch_mean,0.035363659225066256,1.853977332379752e-06,1.221262357815645e-07,0.05735040005241218,0.2501010918184393,0.9832415517135147,0.998188017608607
sma5_20_x|retr_mean,0.03588713668278707,-0.1968837647691616,-0.3684419880366517,0.09622841523192849,0.053277925411365154,0.9832415517135147,0.998188017608607
mass|at_entry,0.037732367850578444,24.994080134918303,25.31433841360069,-0.11927048784282894,0.016464789355242263,0.9832415517135147,0.8921857731871901
cci|watch_max,0.042788806913721826,308.2011935208895,296.03350673194615,0.07138864804691342,0.1520648416457408,0.9832415517135147,0.998188017608607
dd_from_max|at_entry,0.04483891680272033,-9.964622641509424,-10.745440126883432,0.07880372818092396,0.11376654777015456,0.9832415517135147,0.998188017608607
range_ratio20|pump_mean,0.04538700562149331,1.1295767789310829,1.1019066356617582,0.09627486565959173,0.053162492828262374,0.9832415517135147,0.998188017608607
cci|entry_m_top,0.04687661657397072,-357.0821887646717,-333.7653780767315,-0.03251084413652283,0.5146544598854403,0.9832415517135147,0.998188017608607
ppo|watch_min,0.04821347664288066,-1.0469939967088286,-1.3245426317425526,0.06482641647125838,0.19348937904986752,0.9832415517135147,0.998188017608607
tk_buy5|watch_slope,0.04934320868946247,-0.01316358558098615,-0.01154677229053435,-0.08460370837744921,0.10805206637462515,0.9832415517135147,0.998188017608607
macd|watch_min,0.050882236151962836,-1.0752556370041966,-1.357838816280405,0.06539567108075571,0.1895982587937742,0.9832415517135147,0.998188017608607
ema20_dev|watch_min,0.05815607373394366,-4.3025937725922,-4.563961229286617,0.12355099860689128,0.012948657040201731,0.9832415517135147,0.8018918324182073
dd_from_max|watch_max,0.059628659484930444,0.0,0.0,0.04723308530619785,0.343659025011513,0.9832415517135147,0.998188017608607
ema20_dev|retr_mean,0.060453034207375946,-0.4854473875165377,-0.6024804075359849,0.10876202591309585,0.028829949532103515,0.9832415517135147,0.998188017608607
wick_ratio|top_val,0.061215298031150084,0.6065573765520036,0.5523809260770999,0.07576789731244687,0.1284146603737829,0.9832415517135147,0.998188017608607
macd_sig|watch_min,0.061866952971625394,-0.8119725954430963,-0.9929641420817163,0.059900216655246995,0.22962402793634737,0.9832415517135147,0.998188017608607
vol_ratio20|retr_mean,0.06294526073028868,0.978045342613434,1.015016073859659,-0.1602975847626119,0.0012254553060060147,0.9832415517135147,0.37491449751614153
trix|watch_min,0.06367272855725932,-0.1168693895078866,-0.1417429035823672,0.060049081831260044,0.22846635709680432,0.9832415517135147,0.998188017608607
vol_ratio20|retr_m_pump,0.06465347545353375,-0.2464199722164668,-0.1423131415904417,-0.13950796237605564,0.004967459124628018,0.9832415517135147,0.5445691776180421
sma50_dev|watch_min,0.06502435719689192,-5.166087347324211,-5.731694840110501,0.08759808862868586,0.07864100921675397,0.9832415517135147,0.998188017608607
range_ratio20|retr_m_pump,0.06639976515091091,-0.1416396579560087,-0.1032237399383944,-0.13333642710838495,0.007280845978183774,0.9832415517135147,0.6312493463085331
tk_buy60|pump_mean,0.06753311942032579,50.64086483975382,50.28618265259724,0.07677926625254086,0.14768651852050238,0.9832415517135147,0.998188017608607
bb_width|entry_m_top,0.06896169228309076,-1.7614721243146478,-0.5211949996777374,-0.13112965556274403,0.008317289007092554,0.9832415517135147,0.6386825409695835
hv30|pump_mean,0.06948361206227689,0.6257061504364024,0.7456465704028995,-0.08025673609449309,0.10723611132434736,0.9832415517135147,0.998188017608607
dpo|top_val,0.07173834876995068,-0.9702295552367336,-0.738827486785198,-0.09008178673285125,0.07049916450746598,0.9832415517135147,0.998188017608607
vol_ratio60|entry_m_top,0.07200773011239543,-1.0799325503446855,-0.544728158490412,-0.11430825464680462,0.021562615063394904,0.9832415517135147,0.998188017608607
lr_slope30|watch_min,0.07288820086636243,-0.2058761829973782,-0.2467018649920987,0.07047120707073533,0.15741384067920192,0.9832415517135147,0.998188017608607
wick_ratio|entry_m_top,0.07336603858713693,-0.2368421053324241,-0.1729352324567759,-0.061068025743848155,0.22065349262564724,0.9832415517135147,0.998188017608607
bb_width|pump_mean,0.07343448735975665,4.56567298726006,5.32651258406929,-0.09296239393412607,0.06193292389417232,0.9832415517135147,0.998188017608607
mfi|at_entry,0.07530280837303713,23.91050528064339,26.236416947568543,-0.08273609825829563,0.09677963617199353,0.9832415517135147,0.998188017608607
lr_slope30|at_entry,0.07642814557334471,-0.0865942810972981,-0.1083422205263198,0.07931347311736962,0.11144089874727357,0.9832415517135147,0.998188017608607
roc30|watch_min,0.07720962029585042,-6.997074145436385,-7.695153533111368,0.08670289933703376,0.0817561689705179,0.9832415517135147,0.998188017608607
dd_from_max|watch_min,0.07728110395806123,-10.432543042619258,-11.358843025007516,0.07007864877002654,0.15974551126815179,0.9832415517135147,0.998188017608607
ema50_dev|watch_min,0.07828603767334812,-4.323014277888837,-4.93982284870561,0.09180031319922727,0.06527934667391468,0.9832415517135147,0.998188017608607
sma20_dev|retr_mean,0.0785751034211449,-0.625019636309059,-0.7853764403949994,0.10507224419712442,0.034752599243772477,0.9832415517135147,0.998188017608607
lr_slope10|top_val,0.08114137068272073,0.5511428904901434,0.4568872236308752,0.08573768403432183,0.08522597284420681,0.9832415517135147,0.998188017608607
adx|entry_m_top,0.08196218837315611,-10.294959126871866,-8.811136615082404,-0.0822520134561016,0.09875473468806846,0.9832415517135147,0.998188017608607
hv10|entry_m_top,0.08226223044404851,-0.1267082378781239,-0.052652481845371,-0.16308816985916952,0.0010021314371411521,0.9832415517135147,0.37491449751614153
macd_hist|watch_min,0.08671374624059353,-0.8093603989112084,-0.8659587893512972,0.08834766024162383,0.07610722666067496,0.9832415517135147,0.998188017608607
hv10|pump_mean,0.08997623661763134,0.6442592803264585,0.73897802469413,-0.06285406104038276,0.2074229545230548,0.9832415517135147,0.998188017608607
ulcer|watch_max,0.0921781516819341,5.227562626731174,5.661447879064861,-0.05823770303477324,0.24283586300618681,0.9832415517135147,0.998188017608607
parkinson20|entry_m_top,0.09250816902861302,-0.0511889288739091,0.0007858273965317,-0.1439185936790536,0.0037450956367702623,0.9832415517135147,0.5411663195133029
hv60|pump_mean,0.09333694554758719,0.5960108554802707,0.7138329899945373,-0.07567984464879508,0.12886035165148488,0.9832415517135147,0.998188017608607
di_diff|watch_max,0.09350346734773284,44.92926017775044,41.89367673199507,0.03419858942056323,0.4930575868569247,0.9832415517135147,0.998188017608607
ema10_50_x|watch_min,0.09383713613225413,-1.6572524649094311,-2.06220623413903,0.04621026205184621,0.3542215998482832,0.9832415517135147,0.998188017608607
lr_slope30|entry_m_top,0.09433942910228887,-0.2889683370305101,-0.3169613774216225,0.08691651630009982,0.08100389085836746,0.9832415517135147,0.998188017608607
kst|watch_min,0.0945913225741041,-35.97728527750896,-45.03169022884804,0.04767271639322621,0.3391812343975288,0.9832415517135147,0.998188017608607
dpo|watch_mean,0.0960293217789243,-0.0596454561221429,-0.0482175730522639,-0.04564883287336177,0.3601053363701427,0.9832415517135147,0.998188017608607
roc15|at_entry,0.09619963521122282,-4.353887399463801,-5.138226882745465,0.09827194464690472,0.04839293645748351,0.9832415517135147,0.998188017608607
nvi|watch_max,0.09662637022089225,3.4836075340890504,3.9789461786623015,-0.07879356201585933,0.11381331398712681,0.9832415517135147,0.998188017608607
range_ratio20|retr_mean,0.09671202617988921,0.9787603797872916,1.0041858173085465,-0.15949939079929498,0.0012972819983257493,0.9832415517135147,0.37491449751614153
stoch_rsi|watch_slope,0.09791609542030962,-0.1887046918404639,-0.15721261722948,-0.08802226790090091,0.07719888319858902,0.9832415517135147,0.998188017608607
ulcer|pump_mean,0.09808889539711826,1.087820082955099,1.2606440378226005,-0.04540654228228952,0.36266329837257305,0.9832415517135147,0.998188017608607
delta_ratio5|at_entry,0.09905087653501789,-11.975272180284602,-11.946609291903819,-0.07429771609235354,0.15378715035161958,0.9832415517135147,0.998188017608607
eom|top_val,0.09921912169503166,9.956787542067548e-05,2.5747508990898765e-05,0.026713679957790087,0.5923939028382407,0.9832415517135147,0.998188017608607
dc_pos|entry_m_top,0.10160028496392343,-0.720755671234905,-0.7526184981359849,0.06250553922224315,0.20995863105507082,0.9832415517135147,0.998188017608607
vol_ratio20|watch_slope,0.10195684150481862,-0.000727890188424,-7.315536861626333e-05,-0.07759770187109695,0.11942049325685605,0.9832415517135147,0.998188017608607
tk_buy5|at_entry,0.10203197143545448,45.74997084705029,46.034595978300274,-0.05200169840079905,0.3238164030893815,0.9832415517135147,0.998188017608607
vol_ratio20|pump_mean,0.10714655906741027,1.2275947470329625,1.1952258644596148,0.08787881931289619,0.07768415836513907,0.9832415517135147,0.998188017608607
sma5_20_x|watch_mean,0.109299290945408,0.3786100323135956,0.3034468149254569,0.049737893557759406,0.31864850804001554,0.9832415517135147,0.998188017608607
range_ratio20|watch_slope,0.11139009860589968,-0.0005037621903732,-0.0001858339705563,-0.0710361689601549,0.15410337190883255,0.9832415517135147,0.998188017608607
mfi|top_val,0.11351006088953662,76.78199539463718,74.74113419212775,0.04063089569848616,0.4153718329739059,0.9832415517135147,0.998188017608607
roc15|watch_mean,0.11487936086881048,0.8018800575685068,0.6345499716504186,0.0487280489835584,0.3285852888602832,0.9832415517135147,0.998188017608607
lr_slope10|retr_mean,0.11765222302648311,-0.0918927273871308,-0.1105787300092391,0.07801645342367156,0.11743300560491327,0.9832415517135147,0.998188017608607
hv60|watch_slope,0.11926013881658452,0.0029696245705925,0.002770131829469,0.0680370270277648,0.17229326927791294,0.9832415517135147,0.998188017608607
ichi_conv_base|watch_min,0.1200703599713268,-2.634989200863924,-3.0102234002271966,0.04943891179143363,0.3215698190220316,0.9832415517135147,0.998188017608607
vwap_dev|watch_min,0.1217042386114047,-4.044039657726762,-4.643337826636474,0.06343640153924407,0.20323564647142722,0.9832415517135147,0.998188017608607
roc10|watch_min,0.12201229852857436,-6.979781917310314,-7.561547479484171,0.08547322202138513,0.08619709980441809,0.9832415517135147,0.998188017608607
bb_width|at_entry,0.12273410089831359,7.679109171991088,8.052864645325565,-0.09771087944195576,0.04969528151027809,0.9832415517135147,0.998188017608607
ema50_dev|at_entry,0.12335527840446714,-3.672576491032276,-3.826220741772268,0.10019445286133244,0.04414505217252195,0.9832415517135147,0.998188017608607
dc_pos|at_entry,0.12344945148268362,0.0894308943089465,0.0736579275905112,0.04590724499338637,0.3573896425693089,0.9832415517135147,0.998188017608607
roc1|watch_mean,0.12377075858684389,0.0317325938296009,0.0290720233552153,0.059336239662014165,0.23404756783793682,0.9832415517135147,0.998188017608607
sma20_dev|watch_mean,0.12523354490760902,0.4611658683147913,0.3783278832867867,0.04762302532982827,0.3396854771318229,0.9832415517135147,0.998188017608607
ichi_conv_base|top_val,0.12933386752968723,1.2208736989952174,1.5597355433466742,-0.06928934844706199,0.16451231835539704,0.9832415517135147,0.998188017608607
parkinson20|at_entry,0.12948723450728655,1.026723800359471,1.1069435960034837,-0.10587316796195748,0.03338576874479313,0.9832415517135147,0.998188017608607
fund|mean9,0.13056861447194182,0.005,0.005,0.06473653815983245,0.19522337043943958,0.9832415517135147,0.998188017608607
atr_pct|entry_m_top,0.13165573545414938,-0.0146119851330341,0.090417834261935,-0.14422687926360872,0.003670820967588932,0.9832415517135147,0.5411663195133029
hv30|retr_m_pump,0.13275048879001292,0.3593618267701416,0.283528121404448,0.0663207098211889,0.18339821270662693,0.9832415517135147,0.998188017608607
tk_buy15|at_entry,0.13297665748269044,48.33661101708995,48.75689469842931,-0.05785073374127163,0.27229264979178325,0.9832415517135147,0.998188017608607
lr_slope10|watch_mean,0.13363135581712926,0.0439772212191905,0.038242487087119,0.04530378596172272,0.3637515538455543,0.9832415517135147,0.998188017608607
tk_buy15|watch_slope,0.13375626015918365,-0.00855962761886925,-0.0030992753154102503,-0.04285426448734743,0.4162687697272267,0.9832415517135147,0.998188017608607
roc10|watch_mean,0.1356298361902747,0.5222581412131682,0.4454744684131089,0.045326170334155,0.3635143157724617,0.9832415517135147,0.998188017608607
dd_from_max|retr_mean,0.13607706205103254,-5.563065895372243,-5.795941721196791,0.0337248778641305,0.49907008964535915,0.9832415517135147,0.998188017608607
roc10|retr_mean,0.1365254255854381,-0.7570403471066883,-0.9452272557697896,0.08540893791612411,0.08643449692924712,0.9832415517135147,0.998188017608607
willr|at_entry,0.14396187988771508,-90.3225806451613,-91.81871689228971,0.04441236745992971,0.37327745047357286,0.9832415517135147,0.998188017608607
stoch_k|at_entry,0.14396189812755864,9.67741935483871,8.181283107710279,0.04441063652078831,0.37329609609003583,0.9832415517135147,0.998188017608607
eom|watch_min,0.14479187026241655,-0.0010771504001615,-0.0005269649063796,-0.03202279059180249,0.5209897926803352,0.9832415517135147,0.998188017608607
adx|watch_max,0.14620665140431005,53.07054833027593,54.33217800404145,-0.07917461721358239,0.11207067609279885,0.9832415517135147,0.998188017608607
ema10_dev|watch_mean,0.1469177754538995,0.195088169423291,0.1685780927198826,0.043457712189746686,0.383648038176068,0.9832415517135147,0.998188017608607
wick_ratio|retr_mean,0.14882703716691614,0.5304037267242655,0.5421388972121186,-0.02367320272143012,0.6352021122573748,0.9832415517135147,0.998188017608607
vol_ratio60|pump_mean,0.1491870492878525,1.5360990419659126,1.4505215107421665,0.08967153930259894,0.07179441091531427,0.9832415517135147,0.998188017608607
parkinson20|pump_mean,0.1494273277189663,0.6706112328230757,0.7654465277208825,-0.05878239502725401,0.23844985272281163,0.9832415517135147,0.998188017608607
kc_pos|retr_mean,0.1500299098357931,0.2416585610849225,0.1797227188023652,0.09742224842831676,0.05037657929278571,0.9832415517135147,0.998188017608607
ema10_dev|watch_min,0.1509974795494799,-3.825320652239728,-3.981333434971379,0.11158420094399382,0.024904948540430332,0.9832415517135147,0.998188017608607
nvi|entry_m_top,0.15368302537015757,-2.0971544325595004,-2.283903960423872,0.050832543965728255,0.30810102853300914,0.9832415517135147,0.998188017608607
hv60|retr_m_pump,0.1574033750183491,0.3411755827214957,0.2998597337635534,0.05704302440169575,0.2526528006348155,0.9832415517135147,0.998188017608607
eom|entry_m_top,0.15790453489684708,-0.0001938927117312,-0.0001158435947625,-0.009138647528938169,0.8547044719598803,0.9832415517135147,0.998188017608607
vol_z60|watch_max,0.15853255069584615,6.239948677066908,6.122232355445151,0.04042855531623987,0.41770029219010846,0.9832415517135147,0.998188017608607
ema20_dev|watch_mean,0.16375504126189866,0.4596699762155172,0.3840842908664121,0.03880594841949042,0.436647914877068,0.9832415517135147,0.998188017608607
lr_slope10|watch_min,0.16491836270553617,-0.8037588199662727,-0.8426905378386704,0.07029879375926085,0.15843473653050724,0.9832415517135147,0.998188017608607
ema10_50_x|at_entry,0.16608832027830311,-1.2574211981316252,-1.4801768212907462,0.04933715869519127,0.3225679959245615,0.9832415517135147,0.998188017608607
sma10_dev|watch_mean,0.16739534472476714,0.1922219083373798,0.1632368759247211,0.04096249161723451,0.41157251086928714,0.9832415517135147,0.998188017608607
sma5_20_x|top_val,0.17096256182880454,2.9237188065811104,2.630369348931705,0.07218319639351423,0.14754474156417602,0.9832415517135147,0.998188017608607
fund|z,0.1711839890053941,-8.673609856726716e-07,-8.673609856726716e-07,-0.026364898796152003,0.5976941180503582,0.9832415517135147,0.998188017608607
vpt_slope|watch_mean,0.1735073179780383,0.0005906474529293,0.0005049167127591,0.042810567243655714,0.3907770213877692,0.9832415517135147,0.998188017608607
eom|watch_max,0.17594341647613976,0.0011542646716204,0.0005763933248163,0.03181641302920582,0.5236807266815549,0.9832415517135147,0.998188017608607
rsi14|watch_min,0.18033825532901326,26.535359506284838,26.28898531357686,0.07212717963276889,0.14786002420119648,0.9832415517135147,0.998188017608607
nvi|pump_mean,0.18117120959917965,0.2887822702086984,0.4863675716590805,-0.045395689279432494,0.36277814262419555,0.9832415517135147,0.998188017608607
delta_ratio5|entry_m_top,0.1817369130633707,-18.644800793087278,-17.737819441630293,-0.05280391771602709,0.3110727229677346,0.9832415517135147,0.998188017608607
nvi|top_val,0.18228605433381373,1.1265871295730534,1.277517011513818,-0.03743751595228874,0.45300401386698436,0.9832415517135147,0.998188017608607
atr_pct|pump_mean,0.18284567995217416,0.962704076339452,1.058269847568652,-0.05420548671906065,0.27706322469593897,0.9832415517135147,0.998188017608607
s|retrace_pct,0.18396814979355425,72.09214501510574,74.63848720800887,-0.060722278511772414,0.22328286201538458,0.9832415517135147,0.998188017608607
ao|at_entry,0.18396834932066808,-1.9114432658309155,-2.038293495766403,0.06500512747718112,0.192261564777052,0.9832415517135147,0.998188017608607
mass|top_val,0.18509611505653822,26.67754115094487,26.37424696251173,0.07684482261294781,0.12305975493256731,0.9832415517135147,0.998188017608607
trix|at_entry,0.1856619121807278,-0.0598538914797709,-0.0748753089711909,0.04548904849128419,0.36179097631012236,0.9832415517135147,0.998188017608607
dd_from_max|entry_m_top,0.1859452898498556,-9.110377442669758,-9.66978757676431,0.07714928647538037,0.12157778230358633,0.9832415517135147,0.998188017608607
vortex_diff|retr_mean,0.1865130041745955,-0.0812271082409909,-0.1014565866714655,0.07042851514266397,0.1576661648393148,0.9832415517135147,0.998188017608607
dc_pos|top_val,0.1875091626515113,0.8277571251548943,0.8558052434456931,-0.06369524757938663,0.20139423610882679,0.9832415517135147,0.998188017608607
cmf|watch_min,0.1882235487395999,-0.3108457167852416,-0.2891245404453728,-0.04913254587003148,0.32458129425249055,0.9832415517135147,0.998188017608607
macd|watch_mean,0.18851008979832007,0.3497132802879374,0.3065848854871594,0.028439982128899404,0.5686908082088209,0.9832415517135147,0.998188017608607
sma5_dev|watch_mean,0.19081173559773956,0.0702868276504391,0.0619232444960048,0.040153560434620796,0.4208770841667789,0.9832415517135147,0.998188017608607
force|retr_mean,0.19081173559773956,-0.0022387742585217,-0.0026642290883817,0.10311079081439987,0.038302366917510114,0.9832415517135147,0.998188017608607
macd_sig|at_entry,0.19081173559773956,-0.4482268704020257,-0.548885112064263,0.042515020732842516,0.3940592704004316,0.9832415517135147,0.998188017608607
ema5_dev|watch_mean,0.1913903659689813,0.0749836128887035,0.0632700008377316,0.03880358259150976,0.43667589661051875,0.9832415517135147,0.998188017608607
adi_slope|watch_min,0.19211528605855488,-0.3108457167852416,-0.2891245404453728,-0.048498765515007945,0.3308690061573921,0.9832415517135147,0.998188017608607
vwap_dev|at_entry,0.19401018298920736,-3.4093081959845284,-3.6901428811995096,0.054531788993622266,0.2741773825224355,0.9832415517135147,0.998188017608607
ppo|watch_mean,0.1943028908941331,0.368695442706813,0.3221060011487613,0.027589557963240488,0.5803111524783628,0.9832415517135147,0.998188017608607
roc60|watch_min,0.19503601735920706,-6.017357762777237,-6.8020552972840695,0.04229818927236123,0.39647787281633357,0.9832415517135147,0.998188017608607
vortex_diff|top_val,0.19650812925702488,0.5300197932702875,0.5186140803538529,0.014290341953453658,0.7746047360327014,0.9832415517135147,0.998188017608607
ao|watch_mean,0.19695185771368073,0.6978344437478748,0.5758096578723124,0.030871871306237322,0.5360864843176155,0.9832415517135147,0.998188017608607
adx|top_val,0.19695185771368073,40.322565161290505,38.32797282328728,0.03367847123835626,0.4996611779086297,0.9832415517135147,0.998188017608607
vol_ratio60|top_val,0.19724742445708388,3.23686193519578,2.788485355664608,0.04190094260584367,0.4009319725966524,0.9832415517135147,0.998188017608607
eom|retr_mean,0.1975440911817754,-3.390980137200005e-05,-2.2097130977545923e-05,-0.023637533314952667,0.6357119841655637,0.9832415517135147,0.998188017608607
ulcer|watch_slope,0.19873246579220272,0.0111488824242503,0.0093657422601161,0.069169530683424,0.16524516578569753,0.9832415517135147,0.998188017608607
lr_slope30|watch_mean,0.19932860919952733,0.0495567777516304,0.0421048251518042,0.031316646966599054,0.5302264152856521,0.9832415517135147,0.998188017608607
tk_buy5|entry_m_top,0.20074482766633261,-6.927734616070367,-6.845048602061812,-0.03980377070779728,0.45024992865791874,0.9832415517135147,0.998188017608607
ema50_dev|retr_mean,0.20142539982092378,0.2773635783068201,0.0574567484559605,0.050044359274637136,0.31567209795634243,0.9832415517135147,0.998188017608607
s|entry_upper_wick,0.2030057251415388,0.1586357326987977,0.2063789868667898,-0.08506222383303659,0.08772397446760036,0.9832415517135147,0.998188017608607
roc5|watch_mean,0.20323541438268766,0.2189460615061201,0.1886658194372382,0.03526284803831913,0.4796918934563653,0.9832415517135147,0.998188017608607
roc1|entry_m_top,0.20627837477444244,-1.7728867160211788,-2.115430711605085,0.12075167814548204,0.015163493655246054,0.9832415517135147,0.8764499332732218
atr_pct|at_entry,0.20658448104053317,1.563503714639959,1.6151268227859714,-0.09228276012051163,0.06387244307732824,0.9832415517135147,0.998188017608607
rsi7|watch_min,0.20689089631312896,14.77564730511824,14.322677437447185,0.05500149934355101,0.2700592656802752,0.9832415517135147,0.998188017608607
rsi28|watch_max,0.2071976827013048,77.57001643309495,76.24185591784718,0.014152200993465763,0.7767257172924992,0.9832415517135147,0.998188017608607
hv30|watch_slope,0.20873646291721515,0.0028348468348743,0.002332422977304,0.06634800783635021,0.18321754933802972,0.9832415517135147,0.998188017608607
t|dow,0.21004337219799285,3.0,4.0,-0.04312510037894825,0.3873021471447836,0.9832415517135147,0.998188017608607
tk_buy5|retr_m_pump,0.2100924409749383,-1.9254451132358277,-1.675943436666465,-0.06448168103734496,0.2209980349259525,0.9832415517135147,0.998188017608607
bb_width|watch_mean,0.2109046433419901,5.210440138480381,5.739078845716245,-0.06327115755413423,0.20441754881736482,0.9832415517135147,0.998188017608607
dc_pos|watch_max,0.212391425755722,1.0,0.9989154013015172,0.024024036308126,0.6301963773184687,0.9832415517135147,0.998188017608607
vol_ratio20|watch_max,0.21261912767510205,8.05751228151594,7.25629982817735,0.06124425302250706,0.2193218472420557,0.9832415517135147,0.998188017608607
force|watch_mean,0.2127760099459458,0.000562473978362,0.0004182028798669,0.043438239605598276,0.38386138480592535,0.9832415517135147,0.998188017608607
ao|retr_mean,0.21465933734488596,0.0390548737233244,-0.1554331156165447,0.039014687242090625,0.4341831189141354,0.9832415517135147,0.998188017608607
roc30|entry_m_top,0.21687170560795255,-11.929159537817718,-12.965302371668807,0.10267984614838654,0.039122137255082255,0.9832415517135147,0.998188017608607
roc3|watch_mean,0.2187810396987373,0.110478391233119,0.0998114449107717,0.03480751714542835,0.4853860276324646,0.9832415517135147,0.998188017608607
tk_buy15|pump_mean,0.21918505036620906,50.84307475795286,50.62985640398118,0.07965907501979318,0.1303354688366561,0.9832415517135147,0.998188017608607
hv10|watch_min,0.21973931964487614,0.200839761439621,0.2366772855706461,-0.05620099058332032,0.2597353972615053,0.9832415517135147,0.998188017608607
tk_buy60|watch_mean,0.2220328805451519,50.37236627249737,50.18592979324465,0.06648658575779372,0.20757598786263395,0.9832415517135147,0.998188017608607
vol_ratio60|watch_max,0.22539531120239242,10.995070557193449,10.09403355214688,0.027273374567019722,0.5846596267785015,0.9832415517135147,0.998188017608607
delta_ratio5|watch_slope,0.2266514028397013,-0.036974599196899605,-0.0356787350175535,-0.04236120957690387,0.4165381824399195,0.9832415517135147,0.998188017608607
ema50_dev|watch_mean,0.22719432300257003,1.2029794796735025,1.118624603401269,0.022780921599190523,0.6480079346441263,0.9832415517135147,0.998188017608607
stoch_k|watch_slope,0.22883836017289405,-0.1919916696476382,-0.1708037572340814,-0.060228520784253774,0.22707643661726032,0.9832415517135147,0.998188017608607
willr|watch_slope,0.22883836017289405,-0.1919916696476379,-0.1708037572340812,-0.060228520784253774,0.22707643661726032,0.9832415517135147,0.998188017608607
tk_buy5|pump_mean,0.22991887214096152,51.05609657113327,50.866224011959446,0.09698677129443736,0.0652903680419043,0.9832415517135147,0.998188017608607
kst|at_entry,0.23115421421043159,-15.47510936622783,-17.334674459339936,0.048548610030564675,0.3303716748819994,0.9832415517135147,0.998188017608607
vpt_slope|retr_mean,0.23449138499801314,-0.0018765539474987,-0.0021413806583572,0.09471191949633341,0.057162638209561835,0.9832415517135147,0.998188017608607
ema10_dev|retr_mean,0.23449138499801314,-0.4753760303838922,-0.596734655088653,0.0855985681281114,0.08573571380644045,0.9832415517135147,0.998188017608607
kc_pos|watch_max,0.23566711995662515,3.2847457547584824,3.167330551102405,0.019333194598669612,0.6984419154882427,0.9832415517135147,0.998188017608607
wick_ratio|watch_mean,0.23650999326170297,0.5299993444723811,0.5340756717394094,-0.06561096142699463,0.18814172066736812,0.9832415517135147,0.998188017608607
hv60|watch_min,0.23769306641772447,0.4013217774854667,0.4380872286435546,-0.05299974544595209,0.28790531365502103,0.9832415517135147,0.998188017608607
ema10_50_x|watch_mean,0.23956089171650385,0.9849235481499106,0.9827908751485972,0.01950115607094208,0.6959516926833993,0.9832415517135147,0.998188017608607
macd_hist|watch_mean,0.23956089171650385,-0.0076767235670355,-0.0105554618020043,0.06355360101766999,0.2024003910620281,0.9832415517135147,0.998188017608607
vol_z60|retr_m_pump,0.24643974293446536,-0.2807848754988399,-0.1842604731682602,-0.11582293051472226,0.019878099476002983,0.9832415517135147,0.998188017608607
lr_slope10|pump_mean,0.24818055025469066,0.1287262520154466,0.1212426284126027,0.0456990014151862,0.3595771000094724,0.9832415517135147,0.998188017608607
roc5|pump_mean,0.24940442918671402,0.7825158282335676,0.7306016182026459,0.04174934179888969,0.4026396484935791,0.9832415517135147,0.998188017608607
di_diff|retr_mean,0.24957996053004194,-2.268322376119848,-3.0356810929637263,0.040441463501188823,0.4175515211032185,0.9832415517135147,0.998188017608607
sma50_dev|watch_mean,0.2502815672366514,1.1488732013799898,1.1570297520187272,0.02257200078982257,0.6510215527687266,0.9832415517135147,0.998188017608607
stoch_k|watch_max,0.25113904395027886,100.0,100.0,0.02476005541308132,0.6197497737106383,0.9832415517135147,0.998188017608607
willr|watch_max,0.25113904395027886,0.0,0.0,0.02476005541308132,0.6197497737106383,0.9832415517135147,0.998188017608607
sma50_dev|at_entry,0.25133655786931264,-4.126503211347099,-4.492753365429925,0.08385458893283869,0.09233645156301186,0.9832415517135147,0.998188017608607
rsi14|watch_max,0.2548755844641687,85.1869292781448,83.75462223994647,0.010289895821674807,0.8366433068295762,0.9832415517135147,0.998188017608607
roc10|top_val,0.25576529739360443,5.056965820507704,4.631989207015444,0.05139256401392507,0.30279497687873436,0.9832415517135147,0.998188017608607
rsi7|at_entry,0.25594401797093536,19.66662540584332,21.42208050795759,-0.030734835270127506,0.5378985036084553,0.9832415517135147,0.998188017608607
vol_z60|entry_m_top,0.2563008529884315,-0.9245083194422246,-0.4332847566691233,-0.07903303150827903,0.11271571045621054,0.9832415517135147,0.998188017608607
hv10|at_entry,0.2566580333889965,1.0224189477229468,1.0252817680363475,-0.10311552247036118,0.03829344743416727,0.9832415517135147,0.998188017608607
lr_slope30|retr_mean,0.25773164763321166,0.0183874286807616,0.0046703117836144,0.03126277888334739,0.5309344164827896,0.9832415517135147,0.998188017608607
kst|watch_mean,0.25916797313319573,10.737160497169858,10.391707873509178,0.015958783636841764,0.749124452040492,0.9832415517135147,0.998188017608607
vol_ratio60|watch_mean,0.26169486522458396,1.3623162253391057,1.2789734191922215,0.042641683523191025,0.3926505616127965,0.9832415517135147,0.998188017608607
vol_z60|pump_mean,0.26351011527961177,0.4118047055831562,0.314611612384869,0.10038427876154624,0.04374317519783211,0.9832415517135147,0.998188017608607
macd_sig|watch_mean,0.2642387336257733,0.3462188818471746,0.3493856459753819,0.01859449799405085,0.7094320563562787,0.9832415517135147,0.998188017608607
tk_buy1|pump_mean,0.2647767970331941,51.269632492289574,51.17218079655102,0.0958352777330427,0.06856456135949772,0.9832415517135147,0.998188017608607
rsi14|retr_mean,0.2649686744993546,47.40749250707879,46.55518904042787,0.05188697529802607,0.29816116432398776,0.9832415517135147,0.998188017608607
roc30|at_entry,0.2657000035895929,-4.2512077294685895,-4.514046502244421,0.07970965831074421,0.10965929900019222,0.9832415517135147,0.998188017608607
dpo|retr_mean,0.26643272140791674,0.1723456394215281,0.1818920003690796,-0.05285878463776899,0.2891912044770874,0.9832415517135147,0.998188017608607
tsi|watch_max,0.26643272140791674,53.888800227085234,51.41101032734938,-0.007119504340839377,0.8865597499625087,0.9832415517135147,0.998188017608607
ppo|at_entry,0.2671668284586497,-0.7541268708595438,-0.7973063041651893,0.048760806601751985,0.3282598485514933,0.9832415517135147,0.998188017608607
vpt_slope|top_val,0.26919235442207134,0.0078221458212796,0.0070772670167911,0.033032448270227874,0.5079279778627,0.9832415517135147,0.998188017608607
roc60|watch_mean,0.2701171588224409,3.156139410005399,3.148927089888708,0.012269183907638074,0.8057962663310173,0.9832415517135147,0.998188017608607
kc_pos|watch_mean,0.27122927162596333,0.7839893763308347,0.7491336440962825,0.016140224444280652,0.7463693277703389,0.9832415517135147,0.998188017608607
psar_dist|top_val,0.2714144921673779,4.695981934845306,3.962312197606322,0.04147827985952326,0.4057037746280282,0.9832415517135147,0.998188017608607
macd|at_entry,0.2734628970106546,-0.7840842476380857,-0.8217955293852783,0.04911604477238459,0.32474401200755737,0.9832415517135147,0.998188017608607
wick_ratio|watch_max,0.2753291582347118,0.9999999943502824,0.9999999923076924,0.03561388328861582,0.47532693035948725,0.9832415517135147,0.998188017608607
sma10_dev|pump_mean,0.2757089779625842,0.6630844638502797,0.6166667078497104,0.040408349263245304,0.41793323607386884,0.9832415517135147,0.998188017608607
dd_from_max|pump_mean,0.2770249523052971,-1.3725756572086365,-1.5969342394121224,0.028594135328687403,0.5665963530129546,0.9832415517135147,0.998188017608607
lr_slope10|entry_m_top,0.2775904619292331,-0.9994836294517556,-0.95053486131043,-0.0213765297125246,0.6683740577887075,0.9832415517135147,0.998188017608607
hv30|entry_m_top,0.2794805830738655,0.0175443669988301,0.0837853448667005,-0.10781715061497878,0.030257528081993012,0.9832415517135147,0.998188017608607
hv30|at_entry,0.2813794347559767,1.0159963589451495,1.0598918595084377,-0.07271936457500175,0.14455284341525004,0.9832415517135147,0.998188017608607
kc_pos|pump_mean,0.28501125997800547,1.1019884038514305,1.0514538489091372,0.026778992554784078,0.5914889587343392,0.9832415517135147,0.998188017608607
roc1|top_val,0.2855868127193688,0.2120890774125193,0.4211018832611992,-0.08288128877447062,0.09619342480186474,0.9832415517135147,0.998188017608607
roc60|at_entry,0.2867426913062938,-3.7179487179487296,-4.343764595983171,0.03270629941310633,0.5121285235779952,0.9832415517135147,0.998188017608607
ulcer|watch_min,0.2875128050778657,0.1892218621406576,0.2347151197948353,0.009836874224424355,0.8437407788767942,0.9832415517135147,0.998188017608607
mfi|retr_m_pump,0.2879009091327315,-13.748796273235875,-15.39352964564312,0.08002686124691874,0.10824910450330527,0.9832415517135147,0.998188017608607
hv30|watch_min,0.2882875211093757,0.333519245677953,0.364539201947487,-0.0390520979600525,0.43374221961119247,0.9832415517135147,0.998188017608607
roc5|top_val,0.28925568172973015,3.303834808259582,3.034124896400144,0.027943547653290064,0.5754607188915191,0.9832415517135147,0.998188017608607
trix|watch_mean,0.28983823882436754,0.0502093231179122,0.0512331199138245,0.01640883691346802,0.7422964612082835,0.9832415517135147,0.998188017608607
sma10_dev|retr_mean,0.2921745950764425,-0.587129648347157,-0.7199432655084609,0.08170678109994621,0.10101756568386132,0.9832415517135147,0.998188017608607
uo|watch_min,0.29354301076826583,30.580472850712592,31.292460353164312,-0.02345710730861067,0.6382936938343913,0.9832415517135147,0.998188017608607
rsi28|top_val,0.2941311972401448,67.43624911023113,68.07990719317431,-0.011088817732062703,0.8241591947901584,0.9832415517135147,0.998188017608607
roc30|watch_mean,0.2949162924932124,1.652416409670662,1.502131012003798,0.020067316905387805,0.6875818701498966,0.9832415517135147,0.998188017608607
bb_width|watch_min,0.2957027466509604,1.4751794415565636,1.4854158478652817,-0.05048622774062791,0.311412774201761,0.9832415517135147,0.998188017608607
tk_buy1|retr_m_pump,0.2967919183123041,-2.852143615611169,-2.6449962413687977,-0.042563355801180855,0.41944285085354144,0.9832415517135147,0.998188017608607
fund|hours_since,0.29726709424539766,1.6333333333333333,1.9333333333333331,-0.058770374495578426,0.2385460402848433,0.9832415517135147,0.998188017608607
rsi28|watch_min,0.29727999621323775,36.10345835808896,35.385135432642045,0.05104401258984459,0.3060902577339938,0.9832415517135147,0.998188017608607
rsi28|retr_mean,0.29767517472927263,50.82093621542518,50.402610228557805,0.019876412786026323,0.6903998980928087,0.9832415517135147,0.998188017608607
tk_buy15|watch_max,0.30264385197725974,56.84664942541934,56.44602796934778,0.051098785145372756,0.33229991179081514,0.9832415517135147,0.998188017608607
vpt_slope|pump_mean,0.3040454378044609,0.0021374103631712,0.0019384658602204,0.02201176954727406,0.659130699296746,0.9832415517135147,0.998188017608607
vol_ratio60|retr_m_pump,0.30605501362916954,-0.3445735746506653,-0.2411167622423198,-0.08868979536497901,0.07497296424026298,0.9832415517135147,0.998188017608607
cvd_norm|watch_min,0.3066142895490175,-3.8720389472980017,-3.7159305163611958,-0.08101384697182006,0.11979905651048374,0.9832415517135147,0.998188017608607
range_pct|entry_m_top,0.3076687335098479,-0.3866493709003529,0.1421941621314122,-0.09016115838217402,0.07025078796990936,0.9832415517135147,0.998188017608607
ema5_dev|pump_mean,0.3080729757897309,0.308327225066236,0.2896345931515925,0.032681461191976485,0.5124491588142479,0.9832415517135147,0.998188017608607
atr_pct|watch_min,0.3088841062972234,0.531662884912892,0.5262010572570233,-0.06381544952511516,0.20054326297100877,0.9832415517135147,0.998188017608607
cvd_norm|watch_slope,0.31030901074918227,0.0055728516113579,0.0028237793246742,0.07514513928738165,0.149134570844038,0.9832415517135147,0.998188017608607
obv_slope20|watch_min,0.3111162902746317,-0.5554895101139045,-0.5931116122504315,0.0820736202392813,0.09949062447923429,0.9832415517135147,0.998188017608607
macd_hist|top_val,0.3121354513600141,0.3714855614110015,0.3466447157127886,0.0523308410245491,0.29404149214678693,0.9832415517135147,0.998188017608607
sma10_dev|watch_min,0.3131563026522812,-4.6078884361742345,-4.746326960638115,0.09204130974305563,0.06457340625286388,0.9832415517135147,0.998188017608607
tk_buy60|at_entry,0.31331734566533065,49.68340029663795,49.745132506780195,-0.02275166689623156,0.6665859955853786,0.9832415517135147,0.998188017608607
s|overshoot,0.3145897660646928,3.519541641088608,3.735990037359893,0.04647650869305293,0.3514526264029321,0.9832415517135147,0.998188017608607
kc_pos|entry_m_top,0.3162330053621507,-2.809174626230578,-2.818545449462893,0.011626406643972916,0.8157833965820257,0.9832415517135147,0.998188017608607
wick_ratio|watch_slope,0.3162330053621507,0.0002928398487505,0.0001554536520996,0.04970004031006905,0.3190174068475117,0.9832415517135147,0.998188017608607
nvi|watch_min,0.31643871762472864,-3.2196014432308795,-3.4394177025741657,0.07182755149134662,0.14955515476821712,0.9832415517135147,0.998188017608607
delta_z20|watch_slope,0.31825749287305527,-0.00194213535136235,-0.00181151826513285,-0.030404890368998266,0.5598895111579802,0.9832415517135147,0.998188017608607
eom|retr_m_pump,0.319950855781614,-7.450718336508148e-05,-4.789979111703847e-05,-0.010644588032004193,0.8310955587928732,0.9832415517135147,0.998188017608607
stoch_k|entry_m_top,0.32202863005872806,-69.32775754305496,-70.7777777777777,0.023089207183745665,0.6435714969599868,0.9832415517135147,0.998188017608607
willr|entry_m_top,0.32202863005872806,-69.32775754305496,-70.77777777777769,0.023089207183745665,0.6435714969599868,0.9832415517135147,0.998188017608607
kst|pump_mean,0.32495214289527063,13.853100228819724,13.386102356007232,0.01252405979468112,0.8018447649355679,0.9832415517135147,0.998188017608607
body_pct|pump_mean,0.3255806584154809,0.547126011500127,0.5828687747486462,-0.03508024985346434,0.4819710023822245,0.9832415517135147,0.998188017608607
delta_z20|watch_max,0.32777744811349696,3.6192107929618773,3.4635748374985305,-0.0012654501777336648,0.9806459631471258,0.9832415517135147,0.9987867265208704
up_dn_vol20|watch_min,0.3281035288593892,0.285768876611418,0.2554048219978746,0.08060026556439083,0.10573623564104413,0.9832415517135147,0.998188017608607
nvi|at_entry,0.32958136132137494,-0.6972433643147258,-0.8983783844262683,0.040110975530969144,0.4213702932256049,0.9832415517135147,0.998188017608607
dpo|pump_mean,0.3304274483801495,-0.2178137539580733,-0.2064850819076307,-0.0409350227897557,0.41188645749479874,0.9832415517135147,0.998188017608607
di_diff|watch_mean,0.3308512167875931,6.645502475693883,5.454097018817619,0.021179802016595372,0.6712469088513046,0.9832415517135147,0.998188017608607
kc_pos|at_entry,0.3308512167875931,-0.8917572461565182,-0.7803750598490993,-0.005111826319108338,0.9184163648875096,0.9832415517135147,0.998188017608607
cci|top_val,0.33212392525720336,163.6701060610326,157.438177704969,0.013850475754663744,0.7813640806657893,0.9832415517135147,0.998188017608607
vortex_diff|watch_max,0.33254876847455284,0.8299619467254155,0.8299367533380178,0.002462374537623671,0.9606484725660153,0.9832415517135147,0.9987867265208704
sma5_20_x|at_entry,0.333400410152802,-1.706854510972622,-1.9009432002326851,0.0564517493933016,0.25761201831719055,0.9832415517135147,0.998188017608607
eom|pump_mean,0.33403933177140377,3.737401012734591e-05,2.3381550329569444e-05,0.003824363714652105,0.9389172054550606,0.9832415517135147,0.998188017608607
ema10_dev|pump_mean,0.33467974706189485,0.6236363812592366,0.564410507144213,0.033960368741588795,0.49607632016737835,0.9832415517135147,0.998188017608607
force|watch_max,0.33467974706189485,0.0241304286020651,0.0213797450675582,0.01869404475600579,0.7079474479669726,0.9832415517135147,0.998188017608607
sma50_dev|retr_mean,0.3368189958818475,0.0349650406027495,-0.1289863100769305,0.03255961659027772,0.5140235531249103,0.9832415517135147,0.998188017608607
vol_z60|watch_slope,0.3376771521040245,-0.0020587874345814,-0.0009018471235048,-0.08013314151928011,0.10777982366903192,0.9832415517135147,0.998188017608607
vol_z60|watch_mean,0.33853671186027856,0.2170475333457887,0.1902856915004018,0.04711364436691808,0.3448820390062584,0.9832415517135147,0.998188017608607
sma10_dev|top_val,0.3393973013997683,2.7391732442335397,2.547509652926072,0.017958013163391445,0.7189501710138287,0.9832415517135147,0.998188017608607
range_pct|retr_mean,0.33982868266858857,1.517896668862729,1.6163672816438006,-0.0765427245784959,0.1245440661732784,0.9832415517135147,0.998188017608607
macd|retr_mean,0.34026004114340314,0.1250424071139089,0.0216899477713199,0.015846315814377135,0.7508338476739349,0.9832415517135147,0.998188017608607
stoch_d|watch_slope,0.34155622079038117,-0.1720172188818761,-0.1463244252049893,-0.04999595079441773,0.3161410298654483,0.9832415517135147,0.998188017608607
kama_dev|watch_min,0.34328936906795515,-4.375069909117846,-4.468164181147449,0.10081320787165564,0.04284642148705584,0.9832415517135147,0.998188017608607
rsi7|watch_max,0.3437235324943346,92.64350833888824,91.87314004259122,-0.008639639811789284,0.8625572790916024,0.9832415517135147,0.998188017608607
zscore60|top_val,0.3441580463995416,2.2556409623504328,2.3327775388177883,0.010852052947230207,0.8278544598018746,0.9832415517135147,0.998188017608607
sma5_dev|pump_mean,0.34437525916069245,0.3238248194459696,0.312615329505317,0.02498870316728231,0.6165198637989616,0.9832415517135147,0.998188017608607
bb_pctb|entry_m_top,0.34459291075065623,-1.0123949062344964,-0.9987991102374256,0.01942180984020652,0.6971276871747373,0.9832415517135147,0.998188017608607
zscore20|entry_m_top,0.34459291075065623,-3.947041977027376,-3.894035680703743,0.01942180984020652,0.6971276871747373,0.9832415517135147,0.998188017608607
ema50_dev|pump_mean,0.3467724880051124,1.9631686918324984,1.8560138994105289,0.018508782226444316,0.7107112753033755,0.9832415517135147,0.998188017608607
ppo|retr_mean,0.3489608211607309,0.1342439518557625,0.0417095460269338,0.015509276320518734,0.7559637736525873,0.9832415517135147,0.998188017608607
s|range_pos,0.34961900588762407,32.695507487520736,29.437952142459597,0.045594238917426234,0.36068072015615593,0.9832415517135147,0.998188017608607
rsi28|at_entry,0.35203918844235305,39.20787963891489,38.77693576848328,0.06633308492139536,0.1833162956930479,0.9832415517135147,0.998188017608607
roc3|pump_mean,0.35314240904620187,0.4939756976512614,0.4755427484852745,0.025717023837196967,0.6062809299035494,0.9832415517135147,0.998188017608607
obv_slope20|watch_max,0.35336329793385635,0.7354618281606277,0.7389091713685142,-0.0034675790278272376,0.9446061756970745,0.9832415517135147,0.9987867265208704
cci|retr_mean,0.35469143014680815,-41.149880589158776,-42.867558934235134,0.06825268134753922,0.17093416263994907,0.9832415517135147,0.998188017608607
rsi7|retr_mean,0.3569112430452672,43.40303457989111,43.36281750873419,0.0606365351175316,0.2239383728179962,0.9832415517135147,0.998188017608607
zscore20|retr_mean,0.3569112430452672,-0.4906537233607784,-0.5062946349765729,0.06981248993385691,0.1613411498265967,0.9832415517135147,0.998188017608607
bb_pctb|retr_mean,0.3569112430452672,0.374149974656388,0.3701381644898059,0.06981248993385691,0.1613411498265967,0.9832415517135147,0.998188017608607
tk_buy15|top_val,0.35743270751887146,51.78317714433062,51.58377830793228,0.04415012042686491,0.40230226883944104,0.9832415517135147,0.998188017608607
ema5_dev|retr_mean,0.35824732224617284,-0.3244211689235535,-0.4058942482025859,0.08265365825250845,0.09711375522941874,0.9832415517135147,0.998188017608607
range_pct|pump_mean,0.3593627719823279,1.1244924749150638,1.171632221017342,-0.02890070266962809,0.5624420579319331,0.9832415517135147,0.998188017608607
roc10|watch_max,0.3595860625162629,8.691947166595654,8.347750865051893,0.0351738917154166,0.4808014742337328,0.9832415517135147,0.998188017608607
roc10|pump_mean,0.3613767290510038,1.3236291374841305,1.258678902496285,0.031754801781022114,0.5244854432335734,0.9832415517135147,0.998188017608607
hv60|top_val,0.36272334166504394,0.8280141885314486,0.8791823149316964,-0.031004829567483714,0.5343313162622638,0.9832415517135147,0.998188017608607
vwap_dev|entry_m_top,0.36272360368750267,-9.962209060252071,-10.47729882081504,0.07458472894435846,0.13450398206802985,0.9832415517135147,0.998188017608607
up_dn_vol20|watch_max,0.36723430622193776,6.560345586777549,6.660169491525424,-0.004975522757468074,0.9205844707029087,0.9832415517135147,0.998188017608607
hv10|top_val,0.36814084259637025,1.0724665222278824,1.0394224596588364,0.08272386684276183,0.09682915062610244,0.9832415517135147,0.998188017608607
zscore60|watch_mean,0.3713245211874008,0.6313464642911343,0.5863875733254027,0.017243792203868857,0.7296826492648932,0.9832415517135147,0.998188017608607
rsi28|watch_mean,0.3722371841662969,55.09804987639252,54.55166445425859,0.002650637272163941,0.9576425386826881,0.9832415517135147,0.9987867265208704
vpt_slope|watch_min,0.3747538206290044,-0.0155667460434187,-0.0164038697330246,0.058508333453156876,0.2406496593588503,0.9832415517135147,0.998188017608607
force|top_val,0.37590172168300784,0.0074717157397201,0.0069343292514258,0.008282035813176023,0.8681932194362416,0.9832415517135147,0.998188017608607
vwap_dev|watch_mean,0.3768213246692579,1.7498103407248375,1.8674953192479984,0.0006191189838586836,0.9901020324029179,0.9832415517135147,0.9987867265208704
tk_buy15|watch_mean,0.37691378923921215,50.410116181443435,50.2431578635285,0.0648312773888947,0.21849946094400644,0.9832415517135147,0.998188017608607
sma20_dev|watch_max,0.3770510513114157,6.805916838141091,6.516927862184452,0.03681140359139675,0.4606009816461081,0.9832415517135147,0.998188017608607
bb_pctb|at_entry,0.38422800447724015,-0.0470424837264547,-0.0406522545925659,0.0009383237744783577,0.9849993446196769,0.9832415517135147,0.9987867265208704
zscore20|at_entry,0.38422800447724015,-2.1327642224711707,-2.1078505329449286,0.0009383237744783577,0.9849993446196769,0.9832415517135147,0.9987867265208704
vol_ratio20|at_entry,0.3846938606764214,2.0059025431076574,1.9369439692844608,-0.008465296488292336,0.8653041269811272,0.9832415517135147,0.998188017608607
range_ratio20|watch_max,0.3856261115605881,4.76707253376718,4.505605700946952,-0.018377679991140015,0.7126694104964967,0.9832415517135147,0.998188017608607
sma50_dev|pump_mean,0.38562654388903184,2.222943732208546,1.9836476465289712,0.01744234214818227,0.7266936693107141,0.9832415517135147,0.998188017608607
kst|entry_m_top,0.3856266087382222,-55.99677321777369,-58.4501100272184,0.04791566005235759,0.3367228422954836,0.9832415517135147,0.998188017608607
tsi|top_val,0.3856266087382222,36.71109444766347,35.88107029652045,-0.01763433580744344,0.7238073237209365,0.9832415517135147,0.998188017608607
ema10_50_x|top_val,0.3870283187362298,3.485213979449586,3.4936621231644205,0.029790141958778178,0.5504728763851453,0.9832415517135147,0.998188017608607
di_diff|pump_mean,0.3874962451721602,11.271638701555258,10.403645983083594,0.027915496264266624,0.5758443872090462,0.9832415517135147,0.998188017608607
parkinson20|watch_min,0.38819841421221146,0.34352233674215,0.3568915796497436,-0.03645780135338385,0.46492260068476743,0.9832415517135147,0.998188017608607
sma20_dev|top_val,0.39479274717399615,4.371638462547556,4.280578799504586,0.022659372995023613,0.6497605407255125,0.9832415517135147,0.998188017608607
tsi|retr_mean,0.39597778608931034,1.6538666992675175,0.8262251470527957,0.0014475227506208022,0.9768608319353135,0.9832415517135147,0.9987867265208704
range_ratio20|watch_mean,0.39597778608931034,1.0832367639745726,1.074714252996746,-0.00848531503274397,0.8649886438592062,0.9832415517135147,0.998188017608607
tk_buy60|top_val,0.39621556976589567,50.99198271734405,50.72781593758524,0.08941497647156264,0.09162226470930841,0.9832415517135147,0.998188017608607
vortex_diff|entry_m_top,0.39692705154341557,-0.9686824630557754,-0.9123988788811126,-0.007116228579020019,0.8866115934953641,0.9832415517135147,0.998188017608607
mfi|pump_mean,0.3976396431567477,59.85858282831784,59.59068140927079,-0.04297901946204594,0.3889136677149673,0.9832415517135147,0.998188017608607
roc5|entry_m_top,0.40073782177038286,-7.270171032336448,-6.481132015946788,0.018824165294941405,0.706008539182389,0.9832415517135147,0.998188017608607
cci|at_entry,0.4021725081866905,-167.03288230985774,-169.27085362780798,-0.0053185632872633825,0.9151290720089197,0.9832415517135147,0.998188017608607
vol_ratio60|watch_slope,0.4040902081376274,-0.0024164357074103,-0.0021009650591135,-0.05132627406661261,0.3034198796443857,0.9832415517135147,0.998188017608607
dpo|at_entry,0.4040902081376274,0.4139871382636646,0.5279421085992048,-0.06048621404737662,0.22509088799968724,0.9832415517135147,0.998188017608607
tsi|watch_slope,0.40890833968483553,-0.058085178241902,-0.0820633867732671,0.04977847660696591,0.3182533151927382,0.9832415517135147,0.998188017608607
vol_ratio20|watch_mean,0.4093920262756334,1.142319052535841,1.1266563321588503,0.007826158959982019,0.8753876179912541,0.9832415517135147,0.998188017608607
vpt_slope|watch_max,0.4108447009253262,0.0182021745957053,0.0159816092755933,0.012112049354861334,0.808234893297817,0.9832415517135147,0.998188017608607
ema20_dev|at_entry,0.4132737560283306,-3.3733421744361336,-3.376529562180286,0.0791522328411501,0.11217246106520357,0.9832415517135147,0.998188017608607
roc15|entry_m_top,0.4147350057432837,-10.562371028821518,-11.08932183739308,0.07209733380285918,0.14802821664731944,0.9832415517135147,0.998188017608607
trix|entry_m_top,0.4161993056669656,-0.2165558519384509,-0.2328665949747095,0.040385593563491994,0.41819566460606017,0.9832415517135147,0.998188017608607
atr_pct|watch_max,0.4161993056669656,2.0761016711435856,2.166990590040488,-0.03785452159773463,0.44798360974994783,0.9832415517135147,0.998188017608607
range_pct|at_entry,0.4166880829096731,2.3286759813706013,2.593743928502032,-0.0958768167966507,0.054158453927879276,0.9832415517135147,0.998188017608607
force|pump_mean,0.4171771985859608,0.002266113847934,0.0021437559015259,0.010047671433810046,0.8404366176409882,0.9832415517135147,0.998188017608607
tk_buy1|watch_max,0.4194583007674717,79.09936572040641,77.71665324545009,0.02379792366027002,0.6517846452971697,0.9832415517135147,0.998188017608607
sma20_dev|at_entry,0.42110229294521184,-3.924796172937939,-4.007337215172302,0.07724118979309014,0.12113318723662254,0.9832415517135147,0.998188017608607
body_pct|retr_mean,0.4220869422558604,0.7585120272315299,0.7800323764622092,-0.06806432504292613,0.17212078661211758,0.9832415517135147,0.998188017608607
s|entry_bar_range,0.4230729398425872,2.2913256955810235,2.546975924838521,-0.09514905171244999,0.05601950622277167,0.9832415517135147,0.998188017608607
wick_ratio|at_entry,0.42455191201299325,0.3395348837051372,0.3733333328355585,-0.025631976416229368,0.6074726371813848,0.9832415517135147,0.998188017608607
uo|watch_slope,0.42455446200158375,-0.0513230862734949,-0.0468075956808376,-0.030877148922501842,0.5360167599869609,0.9832415517135147,0.998188017608607
kc_pos|watch_min,0.42802303174990086,-1.326923025887658,-1.4185267856509651,0.0720851538079658,0.14809689731321135,0.9832415517135147,0.998188017608607
macd|pump_mean,0.42802311581479413,0.4889268133841466,0.5016699446818654,0.007006126584536039,0.8883543920555722,0.9832415517135147,0.998188017608607
kama_dev|at_entry,0.42802311581479413,-2.756390487796878,-2.80571043415474,0.08850234899420462,0.07559267975483001,0.9832415517135147,0.998188017608607
tsi|at_entry,0.428519980857609,-19.07221580278304,-21.065948827275275,0.039796684383078505,0.42502077774845465,0.9832415517135147,0.998188017608607
roc5|retr_mean,0.428519980857609,-0.701637879520539,-0.8199250834417449,0.06997500411745061,0.1603654479604934,0.9832415517135147,0.998188017608607
pct_rank60|entry_m_top,0.42924553786676334,-95.0,-96.66666666666666,0.08274624015174878,0.09673859569233079,0.9832415517135147,0.998188017608607
ema5_dev|watch_min,0.42976337954588484,-2.834194929458722,-3.0136567580771545,0.08867955749350427,0.0750067045672479,0.9832415517135147,0.998188017608607
uo|at_entry,0.43400760054427867,39.42644714296797,38.87096377043223,-0.0038472002700683633,0.9385531767638505,0.9832415517135147,0.998188017608607
adx|watch_mean,0.4355112427454795,29.110348120122907,29.841324901498712,-0.04852859148611304,0.3305713550187825,0.9832415517135147,0.998188017608607
mass|watch_mean,0.43601312385044766,25.402893062739828,25.3543975084031,0.02518223699954776,0.613791741369819,0.9832415517135147,0.998188017608607
mass|watch_min,0.43601312385044766,22.270543824809028,22.324154561330403,-0.005062325918282482,0.9192036715185924,0.9832415517135147,0.998188017608607
body_pct|top_val,0.43751995312261405,0.9721975220819312,1.038715769593947,-0.039969278759289496,0.42301382443784036,0.9832415517135147,0.998188017608607
kc_pos|top_val,0.4375205577751633,1.8661616158788776,1.867434537319453,-0.007695040994813717,0.8774587781499543,0.9832415517135147,0.998188017608607
dpo|watch_slope,0.437520766275599,0.0023421132052046,0.0025793084228097,-0.03172484328664463,0.5248769649062243,0.9832415517135147,0.998188017608607
oi|chg_30m,0.437520766275599,0.1725645023629818,0.4489571057380459,-0.04743994664147969,0.3415474077185369,0.9832415517135147,0.998188017608607
ema10_50_x|retr_mean,0.437520766275599,0.7456019719349901,0.6720385563335491,0.005570796947353958,0.9111203064262426,0.9832415517135147,0.998188017608607
willr|watch_min,0.4398767140818103,-98.69976359338062,-98.86246122026878,0.024546397314609125,0.6227745609157705,0.9832415517135147,0.998188017608607
stoch_k|watch_min,0.4398767140818103,1.300236406619375,1.1375387797312315,0.024546397314609125,0.6227745609157705,0.9832415517135147,0.998188017608607
rsi14|watch_mean,0.44004015866113255,54.86572362663859,54.49196216594802,-0.0017845622444792035,0.9714752066064668,0.9832415517135147,0.9987867265208704
ulcer|watch_mean,0.44155578064905177,1.7029134262642898,1.813707644610336,0.000729766938645891,0.9883331995449863,0.9832415517135147,0.9987867265208704
ppo|pump_mean,0.44206165151453525,0.5016083869515798,0.5130868494612766,0.006791928158903566,0.8917464609828238,0.9832415517135147,0.998188017608607
roc60|retr_mean,0.44307438765027674,2.9499183820188963,2.768923220779112,0.005871257100896193,0.906348022288246,0.9832415517135147,0.998188017608607
zscore60|pump_mean,0.44307438765027674,1.225687566510448,1.1334828913993793,0.03550106871729357,0.47672735585754694,0.9832415517135147,0.998188017608607
ichi_conv_base|watch_mean,0.4451038333026226,0.2614490195603459,0.2307727652257719,0.017087283583610634,0.7320416271605353,0.9832415517135147,0.998188017608607
ema10_dev|top_val,0.44535786543726097,2.3725335333862896,2.275738739730637,0.005513380372971894,0.9120326372938821,0.9832415517135147,0.998188017608607
nvi|retr_m_pump,0.4461205403764916,-0.2882883073810718,-0.6102275896052191,0.0275213129253372,0.5812484487149833,0.9832415517135147,0.998188017608607
sma5_20_x|retr_m_pump,0.44713856863819235,-1.0271899052185325,-1.1462549814794212,0.036292711156971774,0.46694795001428485,0.9832415517135147,0.998188017608607
atr_pct|watch_mean,0.4496894112987786,1.1370804708426332,1.1800693833987892,-0.031142485629869848,0.5325171828977436,0.9832415517135147,0.998188017608607
pct_rank60|top_val,0.44985290991843563,98.33333333333331,100.0,-0.07366932979501944,0.13936593821174456,0.9832415517135147,0.998188017608607
roc1|at_entry,0.4502005680580198,-1.3426779786056733,-1.4093137254901906,0.08568319197511148,0.0854253480870451,0.9832415517135147,0.998188017608607
s|entry_bar_body,0.4502005680580198,-1.3426779786056733,-1.4093137254901906,0.08568319197511148,0.0854253480870451,0.9832415517135147,0.998188017608607
macd|entry_m_top,0.45378786945658034,-2.236344600409199,-2.38861031122453,0.044375471459470184,0.37367501729022295,0.9832415517135147,0.998188017608607
tk_buy60|retr_m_pump,0.45671180517056653,-0.1152339723345186,-0.0748493351311836,-0.01375495901706361,0.7956405684356079,0.9832415517135147,0.998188017608607
parkinson20|watch_slope,0.45687548964475755,0.0027824473606035,0.0025234273918057,0.036181699228649083,0.46831259661036406,0.9832415517135147,0.998188017608607
atr_pct|watch_slope,0.45790731346088165,0.0043652455119157,0.0039593789172372,0.0351875055164739,0.48063157470771284,0.9832415517135147,0.998188017608607
roc60|pump_mean,0.4581653917710039,3.966805185527637,3.780753217892285,0.005778717881149612,0.9078174951263037,0.9832415517135147,0.998188017608607
mfi|retr_mean,0.458940443591205,44.91717370137805,44.14286718922124,0.06184456328180377,0.21482882270356204,0.9832415517135147,0.998188017608607
roc3|watch_min,0.4591986236145261,-5.274952594380273,-5.675182481751818,0.0856224668277905,0.0856479712809418,0.9832415517135147,0.998188017608607
sma5_20_x|pump_mean,0.4617882149341547,0.8248692199860735,0.7684564656773111,0.025478878908581765,0.6096205006452511,0.9832415517135147,0.998188017608607
tsi|watch_min,0.46204765830648853,-29.817401856742137,-31.4051373272612,0.0084279892009052,0.8658921298312182,0.9832415517135147,0.998188017608607
adx|at_entry,0.46204765830648853,28.61453180175676,29.41347252378688,-0.07170861006696203,0.1502321407979656,0.9832415517135147,0.998188017608607
mass|watch_max,0.46308600008625633,29.420743301718712,29.2970656995788,0.01010390534504236,0.8395556442733798,0.9832415517135147,0.998188017608607
lr_slope30|pump_mean,0.46934308809282943,0.0769779613313915,0.0722139196537495,0.0065430642308946735,0.8956899721406424,0.9832415517135147,0.998188017608607
kst|retr_mean,0.4714393964351521,9.100967261856477,6.228583559129727,0.010223834624984416,0.8376774748147668,0.9832415517135147,0.998188017608607
s|entry_lower_wick,0.47350501050724647,0.4846021572612148,0.5810786272017398,-0.07704111560222464,0.12210270154307767,0.9832415517135147,0.998188017608607
ao|retr_m_pump,0.4735406546856292,-0.9459998738164206,-1.2729441327227915,0.033932342779356514,0.49643210999676096,0.9832415517135147,0.998188017608607
roc3|retr_mean,0.47406677287839605,-0.5472823292786119,-0.6486901011448466,0.0735621452964155,0.13994393123008853,0.9832415517135147,0.998188017608607
lr_slope30|top_val,0.47538307100766597,0.2081641545683193,0.2206399183302024,-0.042020964894737944,0.3995830850529378,0.9832415517135147,0.998188017608607
ao|entry_m_top,0.47564705319443124,-5.703905574625052,-5.972557050568698,0.03916464433871012,0.4324173742715083,0.9832415517135147,0.998188017608607
ema20_dev|top_val,0.4761744545882918,3.735741922644542,3.711310511067789,0.00929588409626736,0.8522329941519733,0.9832415517135147,0.998188017608607
sma5_dev|retr_mean,0.4825282026585157,-0.3823832626072329,-0.4553432635399068,0.07355632171984774,0.13997538745156218,0.9832415517135147,0.998188017608607
macd_sig|entry_m_top,0.48412380831753843,-1.4991129989626932,-1.5502128657359138,0.029060920980435508,0.5602767848373377,0.9832415517135147,0.998188017608607
dd_from_max|watch_mean,0.48465631200420556,-2.98719109342628,-3.119355559357256,0.00041329194954234876,0.993392532965884,0.9832415517135147,0.9987867265208704
roc30|pump_mean,0.48518893433095944,2.433274200964878,2.4329844335807187,0.006353797906332935,0.898690821768574,0.9832415517135147,0.998188017608607
range_ratio20|at_entry,0.48732358503278117,1.5938000082903925,1.5580594033024155,-0.04288900354055256,0.38990871797940846,0.9832415517135147,0.998188017608607
tk_buy5|watch_mean,0.48912117832927593,50.43145689692575,50.27654422385811,0.06467418669836475,0.2196196803005393,0.9832415517135147,0.998188017608607
macd_sig|retr_mean,0.4894630969808388,0.2949016422665912,0.2249259237268525,0.0045070842899012815,0.9280400496912814,0.9832415517135147,0.998188017608607
roc60|top_val,0.489730496046745,9.850275807722603,10.148396361895642,0.006128409980165962,0.9022662655235802,0.9832415517135147,0.998188017608607
hv60|watch_max,0.4897307923385792,1.179290785548408,1.2301778053581127,-0.039287130370573936,0.430978180058989,0.9832415517135147,0.998188017608607
eom|at_entry,0.4899987640568376,-3.7796860512251945e-05,-6.171780719540812e-05,0.00011847338580011847,0.9981058978439193,0.9832415517135147,0.9987867265208704
ema50_dev|watch_max,0.49160765584580424,7.956290023204349,7.755147372197246,0.0213869029582859,0.6682227091104141,0.9832415517135147,0.998188017608607
ppo|entry_m_top,0.4926818237919438,-2.294047424263374,-2.475898049680336,0.0448957716284449,0.36809273739986076,0.9832415517135147,0.998188017608607
bb_width|retr_mean,0.4948339284703165,6.688629981327105,7.037879907805615,-0.021464611308111788,0.6670893493503667,0.9832415517135147,0.998188017608607
ao|pump_mean,0.4956422218823252,1.15834013720699,1.162987294035822,0.011437232439617515,0.8187284499059717,0.9832415517135147,0.998188017608607
roc1|retr_mean,0.4964512981178819,-0.2311754431512952,-0.2790903526265818,0.08428043796935525,0.09068829035064715,0.9832415517135147,0.998188017608607
s|n_swings_2pct,0.4978729717157625,6.0,7.0,-0.028719475147877444,0.5648961018629378,0.9832415517135147,0.998188017608607
ema20_dev|pump_mean,0.5002360967567121,1.0675944517952536,0.994524527900218,0.01668982448286185,0.7380436373070801,0.9832415517135147,0.998188017608607
vortex_diff|retr_m_pump,0.5002360967567121,-0.2782719096275347,-0.2972860102715813,0.05411922499115089,0.2778295635364456,0.9832415517135147,0.998188017608607
uo|retr_mean,0.5024056911254943,47.93502029368055,47.80446531382314,0.06771491044886126,0.17433830235352624,0.9832415517135147,0.998188017608607
range_pct|retr_m_pump,0.5040361467656025,0.2800072265291227,0.3712482793805045,-0.08473103720628473,0.0889700956321063,0.9832415517135147,0.998188017608607
sma20_dev|pump_mean,0.5051246274951973,1.1452916613449615,1.11216901024724,0.017760818227141238,0.721907977077964,0.9832415517135147,0.998188017608607
hv60|watch_mean,0.5083976408019101,0.7718172201448613,0.8131512427021139,-0.03217981020599992,0.5189471936184218,0.9832415517135147,0.998188017608607
tk_buy1|watch_mean,0.5088926906409462,50.39221433722257,50.23599136761578,0.059895442358910235,0.25567712520072583,0.9832415517135147,0.998188017608607
sma5_20_x|watch_max,0.5089438494784174,4.5991572485427845,4.420836952406426,0.019307356853300407,0.698825277853895,0.9832415517135147,0.998188017608607
rsi14|pump_mean,0.508944215753695,59.103657732494135,58.6780127899436,0.007248350972400797,0.8845209568596921,0.9832415517135147,0.998188017608607
hv30|watch_mean,0.5105857861900148,0.7812314955196087,0.8182903890184883,-0.029456742200274617,0.5549447695438295,0.9832415517135147,0.998188017608607
hv10|watch_mean,0.5111335907800262,0.7518101836720299,0.8008797175292511,-0.02499624652291532,0.6164134307502674,0.9832415517135147,0.998188017608607
parkinson20|watch_mean,0.5111335907800262,0.7954204448404774,0.834085825554038,-0.028389935767770325,0.5693715719843965,0.9832415517135147,0.998188017608607
bb_width|top_val,0.5119557961313019,8.893695506506415,8.91008035079274,0.04693712574414481,0.346694556447459,0.9832415517135147,0.998188017608607
psar_dist|pump_mean,0.5122299283440337,1.118651039279775,1.095133810835197,0.0361697045580009,0.46846017618853747,0.9832415517135147,0.998188017608607
tk_buy1|watch_min,0.5123961346997974,22.8967877883601,24.832355564569518,-0.02637562240370241,0.6169470234634591,0.9832415517135147,0.998188017608607
vwap_dev|pump_mean,0.5138772118873279,2.040951828206284,2.162987296576828,0.0001273907374194822,0.9979633313126539,0.9832415517135147,0.9987867265208704
zscore60|retr_mean,0.5166284756755082,-0.0157836259045553,-0.0449814865845743,0.013975127868452685,0.779446878164001,0.9832415517135147,0.998188017608607
roc3|top_val,0.5180065837594405,2.050034746351639,1.9561403508771864,-0.001551074632842004,0.9752060313174057,0.9832415517135147,0.9987867265208704
roc15|pump_mean,0.518006736090632,1.7267629052199431,1.6450722344025408,0.016024398615300715,0.7481277379101017,0.9832415517135147,0.998188017608607
vwap_dev|top_val,0.5193873533390834,7.502437760632619,6.901372842645248,-0.00748074807480748,0.8808455766465098,0.9832415517135147,0.998188017608607
s|retr_speed,0.5193873533390834,1.6932305213065606,1.862387290682697,-0.06188605626484898,0.21452072860458618,0.9832415517135147,0.998188017608607
vol_z60|at_entry,0.5193873533390834,1.0184314806621546,1.209146088682529,-0.07095645875588386,0.15456722412162086,0.9832415517135147,0.998188017608607
vortex_diff|watch_mean,0.5204930297692865,0.0968207467861124,0.0889949213996374,-0.004513271840004513,0.9279415273198159,0.9832415517135147,0.998188017608607
ema10_50_x|pump_mean,0.5215999178752773,1.2454179772113907,1.2191380396179023,-0.002761285226951148,0.9558761336055075,0.9832415517135147,0.9987867265208704
adx|retr_mean,0.5243724267868783,29.0488861917986,29.965072189054407,-0.05512197208140995,0.26900988404556514,0.9832415517135147,0.998188017608607
body_pct|watch_mean,0.5243724267868783,0.6010354591923692,0.6318483317677799,-0.033278100349323596,0.5047761019366349,0.9832415517135147,0.998188017608607
aroon_osc|pump_mean,0.5254832770315929,29.77777777777778,32.91525423728814,-0.04794253363778284,0.3364516065196885,0.9832415517135147,0.998188017608607
stoch_k|top_val,0.5279875489796786,80.5369127516778,81.91808191808187,-0.024391163824246505,0.624976211807062,0.9832415517135147,0.998188017608607
willr|top_val,0.5279875489796786,-19.463087248322196,-18.08191808191814,-0.024391163824246505,0.624976211807062,0.9832415517135147,0.998188017608607
roc15|retr_m_pump,0.5288240936705777,-2.5118451462070253,-2.6894090568400224,0.05031442763796644,0.313064307581601,0.9832415517135147,0.998188017608607
dc_pos|watch_slope,0.5299400084275686,-0.0020002675971861,-0.0018214022136715,-0.03020561774953343,0.5449249488671463,0.9832415517135147,0.998188017608607
delta_ratio5|pump_mean,0.5299429879573074,2.629196310116976,2.139863804194078,0.052374906688256874,0.3150257582702926,0.9832415517135147,0.998188017608607
range_pct|watch_mean,0.5304984141697503,1.2255506227429398,1.2726646346755135,-0.03240747565244531,0.5159929297131786,0.9832415517135147,0.998188017608607
tk_buy5|watch_max,0.5317081855589064,62.854626383437264,62.7260006871954,0.02287405099624399,0.6644626762270361,0.9832415517135147,0.998188017608607
roc30|watch_max,0.53217493681374,10.23989695701176,10.70964387834678,-0.05111149914783621,0.30545038329267576,0.9832415517135147,0.998188017608607
body_pct|watch_min,0.533523180302085,0.0,0.0,-0.02042618935410399,0.6822960925398109,0.9832415517135147,0.998188017608607
eom|watch_slope,0.5344156008142917,-3.59141534004154e-07,-4.107590039336652e-07,0.004874515573972616,0.9221915167988471,0.9832415517135147,0.998188017608607
di_diff|watch_min,0.5344156008142917,-28.69830542345484,-30.17754610270921,0.058138402756735555,0.24364150731341425,0.9832415517135147,0.998188017608607
stoch_rsi|watch_mean,0.5355374723400367,48.74438532201936,49.31625270311788,-0.042050590501564636,0.3992505524333176,0.9832415517135147,0.998188017608607
roc15|top_val,0.5363792646622734,6.067094932191293,6.213912565301072,0.018496424798295254,0.7108957641779512,0.9832415517135147,0.998188017608607
rsi28|watch_slope,0.5366605292415636,-0.0342180834841068,-0.0329675339377768,0.039086572015348764,0.43333615836682066,0.9832415517135147,0.998188017608607
wick_ratio|pump_mean,0.5375033024797691,0.527990216898593,0.5292547888700393,-0.05617653530065088,0.25994312427055083,0.9832415517135147,0.998188017608607
range_pct|top_val,0.5386283555411466,2.791483609327465,2.7433913604126405,0.0034317276019596,0.9451779910239215,0.9832415517135147,0.9987867265208704
ulcer|retr_mean,0.5394733442773955,2.6625154426483486,2.778582437975265,-0.004506538329598055,0.9280487428944929,0.9832415517135147,0.998188017608607
aroon_osc|watch_max,0.5420740278702108,100.0,100.0,-0.04623813944149072,0.35393103225856826,0.9832415517135147,0.998188017608607
macd|top_val,0.5428584403527721,1.5337500219531572,1.532183940379546,0.026833402943271994,0.5907355546171246,0.9832415517135147,0.998188017608607
obv_slope20|top_val,0.5439888045656673,0.4002545834808516,0.389094240031835,-0.023162021912963307,0.6425254813468676,0.9832415517135147,0.998188017608607
trix|retr_mean,0.5439891527112022,0.0435726244140308,0.034727012555292,0.002151811541782797,0.9656083356987236,0.9832415517135147,0.9987867265208704
up_dn_vol20|top_val,0.5442716473965645,2.3347482863775166,2.273827374134142,-0.023183315437961153,0.6422197237953464,0.9832415517135147,0.998188017608607
ichi_conv_base|watch_slope,0.5445549477905289,-0.0054525888816395,-0.0051708727043104,-0.014602436256859763,0.7698191071564259,0.9832415517135147,0.998188017608607
macd_sig|pump_mean,0.5445549477905289,0.4053958313058837,0.4427658272717289,-0.005414470313863479,0.9136045565357711,0.9832415517135147,0.998188017608607
tsi|watch_mean,0.5456874144501768,9.631229561088531,9.124985148472664,-0.01047515835123628,0.8337445837076863,0.9832415517135147,0.998188017608607
zscore60|watch_min,0.5456874144501768,-2.487479478618604,-2.642679220430018,0.019450381762742032,0.6967041375612651,0.9832415517135147,0.998188017608607
pct_rank60|retr_mean,0.547955846462572,51.61666666666667,49.86111111111111,0.01908586226695457,0.7021147905138345,0.9832415517135147,0.998188017608607
sma10_dev|entry_m_top,0.5525066463042974,-5.972623440163794,-5.46351604600932,0.031091165361366573,0.5331931560556195,0.9832415517135147,0.998188017608607
body_pct|retr_m_pump,0.5530767975943547,0.1132775126948695,0.1371881755211443,-0.07931474702474384,0.11143513388052619,0.9832415517135147,0.998188017608607
dpo|retr_m_pump,0.5547889801242054,0.4196039383529159,0.4384158597209503,-0.014039733171001137,0.778453745995282,0.9832415517135147,0.998188017608607
s|skew_watch,0.5547889801242054,-0.0870955784663708,-0.2086058798776115,0.05223893770683933,0.29489134169507947,0.9832415517135147,0.998188017608607
roc1|pump_mean,0.5556457543687832,0.1794535085191484,0.1684047909711272,-0.003888059129728754,0.9379018934663458,0.9832415517135147,0.998188017608607
vol_z60|top_val,0.5565034985802642,2.008781275400556,1.95257989448348,0.010647142628491495,0.8310556323470099,0.9832415517135147,0.998188017608607
vol_ratio60|at_entry,0.5570759136336153,1.9097916381720328,2.2740387922930942,-0.06784029933183558,0.17354010533260583,0.9832415517135147,0.998188017608607
sma10_dev|watch_max,0.5582207596373663,5.2631578947368585,5.082377597950716,0.03660539606703054,0.46311601690965637,0.9832415517135147,0.998188017608607
tk_buy60|watch_min,0.5594991977793788,47.9984609134934,48.11432662718677,0.029990510672013,0.5700544783581883,0.9832415517135147,0.998188017608607
range_pct|watch_slope,0.561089062983731,0.0038486438209804,0.0043793235050427,-0.04273085703938466,0.39166062500550025,0.9832415517135147,0.998188017608607
ema50_dev|top_val,0.5616635101410901,5.864466084175057,6.044252856707444,0.002128335248744064,0.9659833214065436,0.9832415517135147,0.9987867265208704
sma50_dev|entry_m_top,0.5651161515669954,-10.73416839361343,-11.550230060985866,0.07414705076793866,0.13681206771732576,0.9832415517135147,0.998188017608607
cci|retr_m_pump,0.5651161515669954,-105.5665342300619,-109.50941052311975,0.051183960414238276,0.30476432587254376,0.9832415517135147,0.998188017608607
ema50_dev|retr_m_pump,0.566269295255089,-1.6828750161038095,-1.867902262029192,0.05146913367929017,0.3020742311281514,0.9832415517135147,0.998188017608607
ppo|top_val,0.5680011248440865,1.5926436270366564,1.59681652522342,0.024365298399153395,0.6253433818115108,0.9832415517135147,0.998188017608607
bb_pctb|watch_mean,0.5703141653482195,0.5808612294940845,0.573925484031872,-0.0015918382574403014,0.9745546410131986,0.9832415517135147,0.9987867265208704
zscore20|watch_mean,0.5703141653482195,0.3152551088824959,0.2882145948540135,-0.0015918382574403014,0.9745546410131986,0.9832415517135147,0.9987867265208704
di_diff|top_val,0.5708931261524016,28.47275406292927,28.403546041931367,-0.045103964490741874,0.3658736100810095,0.9832415517135147,0.998188017608607
mfi|watch_slope,0.5714723666581845,-0.0928783056516213,-0.0978787889242477,0.042833679563158956,0.3905210424757318,0.9832415517135147,0.998188017608607
up_dn_vol20|entry_m_top,0.5714723666581845,-1.7855200681766497,-1.7541031842656878,0.03387083125185967,0.49721347441754454,0.9832415517135147,0.998188017608607
roc30|retr_mean,0.5720518865797862,0.2466375574230599,-0.0090202081330861,0.019307886123599953,0.6988174241438481,0.9832415517135147,0.998188017608607
macd_hist|watch_slope,0.5749536673846589,-0.0017145654376386,-0.0015956489704377,-0.015703456201699575,0.7530069244566614,0.9832415517135147,0.998188017608607
cci|watch_mean,0.5755348577693218,26.25781549267026,24.037936360602284,-0.002561281769202561,0.9590691786538927,0.9832415517135147,0.9987867265208704
force|retr_m_pump,0.5761163255541226,-0.0053527680401586,-0.005295375655118,0.07559257166411429,0.12930327706912503,0.9832415517135147,0.998188017608607
roc60|retr_m_pump,0.5778623904054219,0.2168639469374376,0.0756177907515534,0.024884324660753916,0.6179934168643003,0.9832415517135147,0.998188017608607
nvi|retr_mean,0.5784449648841412,0.0523363534171449,-0.1101990866983237,0.02850167564316398,0.5678521458382881,0.9832415517135147,0.998188017608607
psar_dist|at_entry,0.5796109413811175,-5.258984167486469,-5.302449647053365,0.07232736507728522,0.14673566232047247,0.9832415517135147,0.998188017608607
aroon_osc|top_val,0.5796736364752092,88.0,88.0,0.011089485114853243,0.8241487841754073,0.9832415517135147,0.998188017608607
obv_slope20|retr_m_pump,0.5819461963153129,-0.1808691979455769,-0.2068467984597833,0.03933079825765868,0.4304657584054456,0.9832415517135147,0.998188017608607
rsi28|pump_mean,0.5837005174261497,57.870049801123045,57.72279765181033,-7.588848214846299e-05,0.9987867265208704,0.9832415517135147,0.9987867265208704
obv_slope20|retr_mean,0.5842858381044295,-0.0438894388762204,-0.0584746026921024,0.035963679080894026,0.47099906474662295,0.9832415517135147,0.998188017608607
di_diff|at_entry,0.5860434368960323,-21.949655549400763,-21.90944940065374,0.00919087773128016,0.8538833477458934,0.9832415517135147,0.998188017608607
ichi_conv_base|retr_m_pump,0.5860434368960323,-0.7629606802244365,-0.8089377016991833,0.03605339855739089,0.4698925069724579,0.9832415517135147,0.998188017608607
macd_hist|pump_mean,0.5878034845438262,0.074533593595682,0.065936228507547,0.024329083032372713,0.6258576289777172,0.9832415517135147,0.998188017608607
aroon_osc|retr_m_pump,0.5889782061153543,-30.15708502024292,-32.59389830508475,0.026079977724819625,0.6012068752591349,0.9832415517135147,0.998188017608607
delta_z20|at_entry,0.58979778889272,-1.422065165204792,-1.1442724136543516,-0.008023868099638478,0.8777497539346214,0.9832415517135147,0.998188017608607
rsi7|pump_mean,0.5901540100509743,60.54091644451161,60.08932431064677,0.006568994368419472,0.8952789602252935,0.9832415517135147,0.998188017608607
macd_sig|watch_slope,0.5907423171488244,0.0012709164219384,-0.0005056784853956,0.030821278984805012,0.5367551069041187,0.9832415517135147,0.998188017608607
macd_hist|entry_m_top,0.5925088553186079,-0.891737160907353,-0.822811972723998,0.013409512994310183,0.7881568325767743,0.9832415517135147,0.998188017608607
willr|pump_mean,0.5928032781714896,-34.94394291904798,-35.64805650837667,0.020609923580981928,0.6795958772899227,0.9832415517135147,0.998188017608607
stoch_k|pump_mean,0.5928032781714896,65.05605708095204,64.35194349162332,0.020609923580981928,0.6795958772899227,0.9832415517135147,0.998188017608607
uo|watch_max,0.594867648926114,73.96226942738562,73.72258888652313,-0.027434349461984055,0.5824438503512555,0.9832415517135147,0.998188017608607
ema10_dev|watch_max,0.5951631787027635,4.530439280664367,4.340137412529477,0.029026890775495275,0.5607363498459297,0.9832415517135147,0.998188017608607
roc60|entry_m_top,0.5954584568818718,-13.360511151065342,-13.560507073744333,0.042413290129674666,0.3951928939720313,0.9832415517135147,0.998188017608607
rsi7|watch_mean,0.596049180128585,54.3938463572056,54.26036446722296,-0.013853378720833207,0.7813194167030748,0.9832415517135147,0.998188017608607
tk_buy60|watch_max,0.5967286682688235,52.48046576940673,52.253151941094636,0.012003572797081601,0.8202020566120125,0.9832415517135147,0.998188017608607
s|rise_speed,0.5969354983237563,0.2478035593602161,0.2235699142100859,0.012211957958845443,0.8066841596820898,0.9832415517135147,0.998188017608607
ema20_dev|watch_max,0.5990067940764524,5.865249065388944,5.813647316534065,0.02274652610008726,0.6485036858580855,0.9832415517135147,0.998188017608607
trix|pump_mean,0.5995991142397876,0.0658105277374331,0.0652686669765768,-0.00893664221674442,0.8578817167010391,0.9832415517135147,0.998188017608607
sma5_dev|watch_min,0.5998951414203249,-3.583223532230184,-3.6663950818457858,0.07247782330585559,0.14589489584771823,0.9832415517135147,0.998188017608607
roc1|watch_min,0.6046441609075115,-3.771501627150157,-3.844282238442826,0.061042514924890684,0.22084674039852803,0.9832415517135147,0.998188017608607
dpo|entry_m_top,0.6049418861227589,1.5264732169829371,1.4924640312269233,0.005260873481889131,0.9160462457481395,0.9832415517135147,0.998188017608607
bb_pctb|retr_m_pump,0.6049418861227589,-0.3135619323297243,-0.3318429855054625,0.04902177562669418,0.3256746166119715,0.9832415517135147,0.998188017608607
zscore20|retr_m_pump,0.6049418861227589,-1.2224894622225324,-1.2937621334947806,0.04902177562669418,0.3256746166119715,0.9832415517135147,0.998188017608607
hv10|retr_m_pump,0.6073232832664639,0.2834555088581418,0.2610022029900045,-0.004803358747785448,0.9233238276918073,0.9832415517135147,0.998188017608607
uo|pump_mean,0.6103057366260016,55.14995184843018,54.90369589491901,-0.005604922016360287,0.9105781253004502,0.9832415517135147,0.998188017608607
macd|watch_slope,0.6109032016586925,-0.0020261761390746,-0.0023415738874289,0.031042574894379428,0.5338335713358154,0.9832415517135147,0.998188017608607
nvi|watch_slope,0.6115007632674359,-0.00325691404756,-0.0026900400463114,-0.02991789666973314,0.5487639975970451,0.9832415517135147,0.998188017608607
tk_buy5|watch_min,0.6143760880855933,38.41411263839057,38.30553117108563,-0.02738883274838352,0.6034795577075753,0.9832415517135147,0.998188017608607
macd|retr_m_pump,0.6144924457651768,-0.2831262173763047,-0.3703559584106732,0.03123620881525704,0.5312838091883583,0.9832415517135147,0.998188017608607
adi_slope|at_entry,0.6162905431755743,-0.1424561317686804,-0.1312470344807756,0.013599689166600697,0.7852252873877696,0.9832415517135147,0.998188017608607
cmf|at_entry,0.6162905431755743,-0.1424561317686804,-0.1312470344807756,0.013599689166600697,0.7852252873877696,0.9832415517135147,0.998188017608607
aroon_osc|watch_min,0.6167623062389405,-100.0,-100.0,-0.01264566905135881,0.799961151238201,0.9832415517135147,0.998188017608607
bb_width|watch_slope,0.6168904216813893,0.0183658693746242,0.0122907330457548,0.0361766035991523,0.46837528889157465,0.9832415517135147,0.998188017608607
pct_rank60|pump_mean,0.6171903928270301,77.44336569579288,75.8157894736842,0.015860422675264472,0.7506193708073242,0.9832415517135147,0.998188017608607
ppo|watch_slope,0.6198936447754086,-0.0021717396743606,-0.0022702614708804,0.03066458837777905,0.5388285602396762,0.9832415517135147,0.998188017608607
bb_width|watch_max,0.6219996365725766,14.140544950490256,14.20781224038764,-0.04142974829816227,0.40625384401478676,0.9832415517135147,0.998188017608607
ema10_50_x|watch_slope,0.6235058963509145,0.0018840217392621,-0.0006131060476744,0.02649363364789746,0.5954474195303041,0.9832415517135147,0.998188017608607
s|min_1m_ret,0.6238067439934252,-4.033423438117175,-4.124784768477918,0.05843441160834669,0.24124543811173377,0.9832415517135147,0.998188017608607
pct_rank60|watch_mean,0.6238073123135948,64.02322404371586,64.33928571428571,-0.004853860296668478,0.9225201859154778,0.9832415517135147,0.998188017608607
vpt_slope|watch_slope,0.6247120012065495,-2.6359830054951947e-05,-2.8653215953894356e-05,0.05619496606401748,0.2597865598414804,0.9832415517135147,0.998188017608607
ema10_50_x|entry_m_top,0.6265230440326701,-4.583670361741509,-4.89707307541547,0.0293797617975197,0.555979816389168,0.9832415517135147,0.998188017608607
ema5_dev|top_val,0.6268248216703567,1.1709591505730144,1.1568889011660088,-0.013243460914355847,0.7907189559674256,0.9832415517135147,0.998188017608607
lr_slope10|watch_max,0.6295460492889171,0.8525738378050566,0.8577527531775918,0.025809575918481334,0.6049852503037997,0.9832415517135147,0.998188017608607
roc15|watch_max,0.6295460648762687,9.41612604263207,9.561629706034028,-0.0051135610096579446,0.9183887759784582,0.9832415517135147,0.998188017608607
ichi_conv_base|retr_mean,0.6301518689485386,-0.2308230602780523,-0.2164333080459246,0.015405544563807059,0.7575447990906136,0.9832415517135147,0.998188017608607
macd_hist|retr_mean,0.6307575629667217,-0.1475024836425335,-0.1515832823633644,0.05218506962358767,0.29539023276934373,0.9832415517135147,0.998188017608607
rsi7|retr_m_pump,0.6331827549730478,-17.33971076702158,-18.017807560031837,0.049788849852727204,0.3181523531253959,0.9832415517135147,0.998188017608607
tk_buy1|at_entry,0.63715014976509,40.905426316346094,41.387947400198264,-0.02395228288061828,0.649676032326066,0.9832415517135147,0.998188017608607
kc_pos|retr_m_pump,0.6374363296741274,-0.846332727902282,-0.8995548613517333,0.05950075570005304,0.23275102058650776,0.9832415517135147,0.998188017608607
cvd_norm|entry_m_top,0.6382855558191625,-2.101895127901108,-2.101821373573724,-0.015074040551648916,0.772588818392096,0.9832415517135147,0.998188017608607
ema10_dev|at_entry,0.638653841535856,-2.633532422471574,-2.4437142926758804,0.06831237300735862,0.17055938841266288,0.9832415517135147,0.998188017608607
zscore20|watch_min,0.6389583566768506,-3.075326547738126,-2.941698038661273,-0.0205505837021106,0.6804675090265229,0.9832415517135147,0.998188017608607
bb_pctb|watch_min,0.6389583566768506,-0.2888046167529432,-0.2545296266141491,-0.0205505837021106,0.6804675090265229,0.9832415517135147,0.998188017608607
vwap_dev|retr_m_pump,0.6398723282700172,-0.3816282788970551,-0.6644165238486084,0.012990397468200085,0.7946279616248471,0.9832415517135147,0.998188017608607
rsi14|retr_m_pump,0.6398723282700172,-11.340812903781334,-12.365813715904936,0.04299128010402363,0.38877825589622794,0.9832415517135147,0.998188017608607
parkinson20|retr_m_pump,0.640481936351375,0.3314767546772313,0.3095280971544601,0.004788435832830595,0.9235613141412847,0.9832415517135147,0.998188017608607
cmf|watch_slope,0.640481936351375,-0.0005573976271092,-0.0004646641778392,-0.0003192047906196741,0.9948967193190995,0.9832415517135147,0.9987867265208704
adi_slope|watch_slope,0.640481936351375,-0.0005802227932193,-0.0004646641778392,-0.0006296742163877264,0.9899332928301314,0.9832415517135147,0.9987867265208704
tk_buy60|retr_mean,0.6415329072272238,50.38627521702859,50.14603098995285,0.05633497089627237,0.28574601279424305,0.9832415517135147,0.998188017608607
hv30|watch_max,0.6417017134695351,1.429512444037723,1.4736658169765593,-0.031136768629509547,0.5325924638912837,0.9832415517135147,0.998188017608607
roc1|retr_m_pump,0.6429227920259597,-0.4954114917100627,-0.5144210830522586,0.061021073157770694,0.22100925805564747,0.9832415517135147,0.998188017608607
lr_slope10|at_entry,0.6435336100457043,-0.41340393268203,-0.3812775643761528,0.002509233553628316,0.9599002351330755,0.9832415517135147,0.9987867265208704
sma5_dev|top_val,0.643838807788478,1.294288493803486,1.268559896208732,-0.01513075761160975,0.7617378295657856,0.9832415517135147,0.998188017608607
oi|z24h,0.6447559685690047,1.399195621498726,1.5879969468969124,-0.042953790829868756,0.389192393575151,0.9832415517135147,0.998188017608607
trix|watch_slope,0.6459792880753056,0.0001490951400763,-0.0001066472211646,0.02823597496226049,0.571468275446343,0.9832415517135147,0.998188017608607
ichi_conv_base|watch_max,0.6472031767650088,3.12191151677228,3.25484764542936,-0.02581139578831151,0.6049597855028696,0.9832415517135147,0.998188017608607
rsi14|top_val,0.6472035657633015,71.57980406517356,72.20895778270467,-0.04399093341923108,0.3778340687375595,0.9832415517135147,0.998188017608607
t|min_of_hour,0.6474416207796634,27.0,25.0,0.0162598862149331,0.744554063161817,0.9832415517135147,0.998188017608607
vortex_diff|pump_mean,0.6518029153115126,0.2053678152250409,0.1823907003001822,-0.0011295014906545968,0.9819435289091593,0.9832415517135147,0.9987867265208704
range_ratio20|top_val,0.6545689166531868,1.7665563806268183,1.737399455741637,-0.04073886509588297,0.4141324928294508,0.9832415517135147,0.998188017608607
ppo|retr_m_pump,0.6545691958578692,-0.3144811401007087,-0.3685280112524705,0.028981938723235432,0.5613436888764953,0.9832415517135147,0.998188017608607
obv_slope20|entry_m_top,0.6564159056573253,-0.6889994547206014,-0.669750334635274,0.03627888016262337,0.4671178516296767,0.9832415517135147,0.998188017608607
range_pct|watch_min,0.6612751885455928,0.2025111381125963,0.1912655403251657,-0.01906058866710503,0.7024904947906282,0.9832415517135147,0.998188017608607
ao|watch_slope,0.6613507133804315,-0.0062856527315745,-0.0095684340025561,0.027188641113904607,0.5858275268797172,0.9832415517135147,0.998188017608607
rsi28|retr_m_pump,0.6619686059746117,-6.233483328252049,-6.908423903716525,0.029064196742254873,0.5602325565126361,0.9832415517135147,0.998188017608607
kama_dev|top_val,0.6638236639017302,1.9931771640699705,1.9036033411097275,0.01402462826927854,0.7786859108755564,0.9832415517135147,0.998188017608607
cci|pump_mean,0.6653710929047469,68.1092456464253,64.00302013079498,0.013948832049765434,0.7798512082362821,0.9832415517135147,0.998188017608607
roc30|top_val,0.6672296686860169,7.265149808515431,7.930007446016384,-0.044095979908660814,0.37669510540093715,0.9832415517135147,0.998188017608607
macd_hist|watch_max,0.6681601364678402,0.7364236185560105,0.7206115650181307,0.0207577747022014,0.6774259787325123,0.9832415517135147,0.998188017608607
delta_ratio5|watch_min,0.6691482892095013,-26.01470896463673,-26.2378909503107,-0.03859509595887196,0.4592057558275073,0.9832415517135147,0.998188017608607
tsi|retr_m_pump,0.6694011736432897,-11.16336909123284,-12.794840713457386,0.01933463817845804,0.6984204989218324,0.9832415517135147,0.998188017608607
ema10_50_x|retr_m_pump,0.6700220312291312,-0.0997090719356303,-0.3190439157178282,0.018631987268205728,0.7088728239809101,0.9832415517135147,0.998188017608607
delta_ratio5|watch_max,0.670210661851142,27.31993952091819,28.349341960480295,0.007761972647791242,0.8817102089804971,0.9832415517135147,0.998188017608607
tk_buy15|retr_m_pump,0.6734234648606465,-1.012619069155832,-0.9125086006901064,-0.03178430360444716,0.5466427889461425,0.9832415517135147,0.998188017608607
kama_dev|entry_m_top,0.6749969790859914,-4.994453521608621,-5.127019361631824,0.06242182530908177,0.21057100886609395,0.9832415517135147,0.998188017608607
oi|chg_retr,0.6762429488802593,0.5416609627585167,0.0201207679963122,0.030134824896881747,0.5458683008178289,0.9832415517135147,0.998188017608607
ema50_dev|entry_m_top,0.6793617481893053,-9.851365421010506,-10.327357789872682,0.06712945901703486,0.17810132516718202,0.9832415517135147,0.998188017608607
mass|pump_mean,0.6799861693087381,25.59079526220015,25.521622181025297,0.045170389660967744,0.3651673382160436,0.9832415517135147,0.998188017608607
sma5_dev|at_entry,0.6843632432099781,-1.9375276263444816,-1.796120857117256,0.06494070416140042,0.1927035185917112,0.9832415517135147,0.998188017608607
tk_buy60|watch_slope,0.685456042419929,-0.0018457590894309,-0.00072196720112745,0.01087219356912199,0.8368992213509114,0.9832415517135147,0.998188017608607
zscore60|entry_m_top,0.6856157935022706,-4.143870852872929,-4.199970696428479,0.03466702336073144,0.4871503016587308,0.9832415517135147,0.998188017608607
di_diff|entry_m_top,0.686869208339947,-49.70166657464121,-49.10263147317944,0.054597304230009434,0.2736004360985632,0.9832415517135147,0.998188017608607
dc_pos|retr_mean,0.6874962390113248,0.3767973649997911,0.3755393398985217,0.035152746043835156,0.4810654357236585,0.9832415517135147,0.998188017608607
zscore20|pump_mean,0.6890647420411666,0.7683283505352011,0.7449119601734575,0.014534282873602146,0.7708634275449044,0.9832415517135147,0.998188017608607
bb_pctb|pump_mean,0.6890647420411666,0.6970720640322515,0.6910658863821267,0.014534282873602146,0.7708634275449044,0.9832415517135147,0.998188017608607
body_pct|watch_slope,0.689378619455462,0.0019577379266814,0.0024180109249957,-0.030689884538495207,0.5384935509571629,0.9832415517135147,0.998188017608607
adx|pump_mean,0.6906346096175735,30.397833432522987,30.310539989769666,-0.011890833417502213,0.8116711650014281,0.9832415517135147,0.998188017608607
up_dn_vol20|watch_slope,0.6906346096175735,-0.0044410145813773,-0.0049005695474294,0.03944945363022654,0.4290751751026482,0.9832415517135147,0.998188017608607
adx|retr_m_pump,0.6912629245084232,0.5285050182481399,-0.142742882157961,-0.04440859305119924,0.3733181090130769,0.9832415517135147,0.998188017608607
atr_pct|retr_mean,0.6918914520936582,1.5692247380063495,1.5225928083635445,-0.021827856896525052,0.6618015559148759,0.9832415517135147,0.998188017608607
force|watch_min,0.6937783071669141,-0.0208349320178195,-0.0209684482688908,0.047475980021492635,0.3411804308400826,0.9832415517135147,0.998188017608607
stoch_d|pump_mean,0.6944076156652342,64.04519962410909,63.524626943098376,0.012646809327643237,0.7999434948905596,0.9832415517135147,0.998188017608607
vwap_dev|retr_mean,0.6956670626157213,1.2848027524597598,1.5941690832372113,-0.01913317882656752,0.7014116020028339,0.9832415517135147,0.998188017608607
oi|chg_1h,0.6962970682667571,0.8764139617576605,1.2209620804135124,-0.01413545821083349,0.7769828947877812,0.9832415517135147,0.998188017608607
ema5_dev|at_entry,0.6969272835226865,-1.6568069396442953,-1.6492653987198014,0.06660115143027949,0.18154845214407642,0.9832415517135147,0.998188017608607
psar_dist|watch_slope,0.7000814902755407,-0.0147116000530457,-0.0155075817662432,-0.029768485533416864,0.550762816614431,0.9832415517135147,0.998188017608607
hv60|at_entry,0.7000814902755407,1.0011394707502552,1.0345495143251378,-0.052535940111794466,0.2921508028212062,0.9832415517135147,0.998188017608607
fund|delta,0.7026284185488347,0.0,0.0,-0.012553988305407873,0.8013810933774392,0.9832415517135147,0.998188017608607
tk_buy5|retr_mean,0.7037500604927123,49.26399041223151,49.19701429369771,0.021138310511125295,0.6885396862673279,0.9832415517135147,0.998188017608607
sma5_20_x|entry_m_top,0.7045060740590525,-4.687510324852373,-4.733457960005804,-0.005625938937979818,0.9102442278244344,0.9832415517135147,0.998188017608607
ao|top_val,0.7048223728445793,3.771766473397305,3.848065943934801,0.01467614757495849,0.7686900900576128,0.9832415517135147,0.998188017608607
uo|entry_m_top,0.7051389787005984,-20.45683375157224,-19.363449920480846,-0.00370943628688758,0.9407494106076976,0.9832415517135147,0.998188017608607
up_dn_vol20|pump_mean,0.7060885652863095,1.8564303027660487,1.8290838455743568,-0.022238704166155872,0.6558410216104829,0.9832415517135147,0.998188017608607
vol_z60|watch_min,0.7060886545366114,-0.9998555988195358,-1.041026957116296,-0.014544840753580455,0.7707016210642312,0.9832415517135147,0.998188017608607
aroon_osc|watch_slope,0.7064053999847703,-0.2255764414174785,-0.237359833708249,0.04485427864539968,0.3685360066964042,0.9832415517135147,0.998188017608607
kc_pos|watch_slope,0.7064053999847703,-0.0058982089046643,-0.0053524676935432,0.0015075783839757011,0.9759011062825139,0.9832415517135147,0.9987867265208704
vol_z60|retr_mean,0.7083065559952978,0.0331064414554522,0.0564936653829733,-0.0674368346677513,0.1761182089533973,0.9832415517135147,0.998188017608607
roc60|watch_slope,0.7089406795067446,0.0174788078220143,0.0164112041195266,0.01915811101374819,0.7010411781730405,0.9832415517135147,0.998188017608607
body_pct|watch_max,0.7127493564007086,4.5243977764051815,4.603773584905657,-0.06522367084350021,0.1907678550277526,0.9832415517135147,0.998188017608607
vortex_diff|watch_min,0.7140207856551489,-0.6863563402889233,-0.6865071770334922,0.017125416823802368,0.7314666299900487,0.9832415517135147,0.998188017608607
stoch_k|retr_m_pump,0.7146568226480625,-27.637197098225187,-25.49881371591233,-0.000350142541135834,0.9944021103335137,0.9832415517135147,0.9987867265208704
willr|retr_m_pump,0.7146568226480625,-27.637197098225187,-25.498813715912306,-0.000350142541135834,0.9944021103335137,0.9832415517135147,0.9987867265208704
macd_sig|retr_m_pump,0.7146568226480625,0.0226409008314742,-0.077336904327438,0.015628295666622077,0.754150996394467,0.9832415517135147,0.998188017608607
mfi|watch_max,0.7170709130972812,94.80042742351507,94.27600443096054,0.0036550696497731116,0.9416162481797126,0.9832415517135147,0.998188017608607
delta_z20|watch_min,0.7172216795763608,-3.481030544701035,-3.4456595704514097,-0.038326677965480456,0.46233708986622496,0.9832415517135147,0.998188017608607
ema5_dev|watch_max,0.7175207597607409,3.138865507502886,2.946167269937749,0.014738298766595983,0.7677385159466815,0.9832415517135147,0.998188017608607
roc10|entry_m_top,0.7178394124754874,-10.238031808250009,-10.00565075655613,0.012331787355741364,0.8048252236532994,0.9832415517135147,0.998188017608607
cmf|top_val,0.718476287557186,0.1413911326732433,0.1337568252788097,-0.037086114529572424,0.4572590544332389,0.9832415517135147,0.998188017608607
sma50_dev|watch_max,0.7197511770646393,8.66414952538761,8.664149525387588,0.005994283428531558,0.9043949259562166,0.9832415517135147,0.998188017608607
adi_slope|top_val,0.7207077917632054,0.1413911326732433,0.1337568252788096,-0.03690238697615175,0.4594926415164203,0.9832415517135147,0.998188017608607
up_dn_vol20|watch_mean,0.7210269065185535,1.605031203047191,1.6105603816220713,-0.03990751432463345,0.4237313945679964,0.9832415517135147,0.998188017608607
dpo|watch_min,0.7229415788914719,-3.315789473684208,-3.204145371947749,-0.01736527864215528,0.7278532976675349,0.9832415517135147,0.998188017608607
cvd_norm|at_entry,0.723770847457008,-0.56711276493229,-0.4974920774124205,-0.004996172144240333,0.9236963276618239,0.9832415517135147,0.998188017608607
delta_ratio5|retr_m_pump,0.7259583687679606,-5.000763469658985,-4.874590775048438,-0.008018893012387824,0.8778249605060089,0.9832415517135147,0.998188017608607
stoch_d|retr_m_pump,0.7267765933530157,-23.30336873365172,-22.713385130585884,-0.008582131993182774,0.8634631561879285,0.9832415517135147,0.998188017608607
lr_slope30|retr_m_pump,0.7280564074638045,-0.0397045278121727,-0.0575261679239169,0.020656226085801296,0.678916045128114,0.9832415517135147,0.998188017608607
kst|watch_max,0.7331829732048453,60.92012847901837,67.48625255531012,-0.026367360023277248,0.5972029050212581,0.9832415517135147,0.998188017608607
tk_buy15|retr_mean,0.7337986539838894,49.83111173927177,49.59319843140159,0.03885642024719396,0.4611130355104298,0.9832415517135147,0.998188017608607
hv10|retr_mean,0.7338249128887128,1.007314553240416,1.0178612891599472,-0.02847401365446718,0.5682281103134521,0.9832415517135147,0.998188017608607
delta_z20|top_val,0.7339981176915924,0.1529596223446269,0.1681779522224679,-0.05823699129346639,0.26383656002871964,0.9832415517135147,0.998188017608607
cvd_norm|retr_m_pump,0.733998299581787,0.02770313299365185,-0.0011403585351034,0.04883024445625455,0.348939031689725,0.9832415517135147,0.998188017608607
lr_slope30|watch_slope,0.7344667933573774,-0.0003715811427368,-0.0004385922332041,0.021184715659324407,0.6711750954854891,0.9832415517135147,0.998188017608607
force|entry_m_top,0.7357511106066252,-0.0209717501742693,-0.0200932290704699,0.046813730173679076,0.34796518033959123,0.9832415517135147,0.998188017608607
sma20_dev|retr_m_pump,0.7357511106066252,-1.9700510163018143,-2.11391689941522,0.031808193226270515,0.5237880506520721,0.9832415517135147,0.998188017608607
aroon_osc|retr_mean,0.7363933387149669,-5.565217391304348,-5.641025641025641,-0.0006112030600010184,0.9902285793705627,0.9832415517135147,0.9987867265208704
delta_z20|retr_mean,0.7369292113374917,-0.13798289235803302,-0.1319906895521713,0.0371191259771312,0.4765700096827091,0.9832415517135147,0.998188017608607
macd_hist|retr_m_pump,0.7370361668510325,-0.2481740530639105,-0.260161108969635,0.026627029948652434,0.5935954648275006,0.9832415517135147,0.998188017608607
s|max_1m_ret,0.738321706459097,3.736111815676813,3.821674533344943,-0.04618264628864042,0.35450958847017516,0.9832415517135147,0.998188017608607
vwap_dev|watch_max,0.7402520188268632,8.614987220702508,8.508493238538106,-0.0018320607908598964,0.9707163158219777,0.9832415517135147,0.9987867265208704
obv_slope20|at_entry,0.7447618374085984,-0.3494076911707337,-0.3421409339309592,0.0043382005694365955,0.9307295502034382,0.9832415517135147,0.998188017608607
up_dn_vol20|at_entry,0.7447618374085984,0.4821317627623853,0.490156472720235,0.0043382005694365955,0.9307295502034382,0.9832415517135147,0.998188017608607
up_dn_vol20|retr_mean,0.7460519735869879,1.067846121068529,1.0461072265390738,0.013248272718090669,0.7906446797259501,0.9832415517135147,0.998188017608607
s|hurst_rs,0.746101054078866,0.5523578418744188,0.5521840222918534,0.003276556313829227,0.9477183653105014,0.9832415517135147,0.9987867265208704
mfi|watch_mean,0.7466973090140081,53.978794157266485,54.668240152187074,-0.02773551135096967,0.5783089599701491,0.9832415517135147,0.998188017608607
s|red_ratio_pump,0.7473345389379029,0.3950617283950617,0.396551724137931,0.005035926775127611,0.9196235836772143,0.9832415517135147,0.998188017608607
parkinson20|watch_max,0.7483112579993733,1.593127886757379,1.59127460828374,-0.02552256967311881,0.609007203335207,0.9832415517135147,0.998188017608607
roc10|retr_m_pump,0.7492804231773239,-2.3002569129138406,-2.4709470530381323,0.023146896989119918,0.6427426995114667,0.9832415517135147,0.998188017608607
kst|watch_slope,0.74992664272889,0.0366914353417971,0.0062415564131523,0.02485447883084421,0.6184150443639914,0.9832415517135147,0.998188017608607
lr_slope30|watch_max,0.7518660801142969,0.311143486329783,0.3396297027850251,-0.03505560498273505,0.48227905737955407,0.9832415517135147,0.998188017608607
kama_dev|watch_max,0.7518663530661699,4.018305103587982,4.188961206561181,0.014465218233982207,0.771922133481748,0.9832415517135147,0.998188017608607
body_pct|entry_m_top,0.7518663530661699,0.4753305789013534,0.3853019312040411,-0.037570622240056924,0.4513980946831756,0.9832415517135147,0.998188017608607
range_pct|watch_max,0.7528365687484815,6.301429190125607,6.5073329712112855,-0.062168013165327704,0.21243554307543644,0.9832415517135147,0.998188017608607
hv60|entry_m_top,0.7538076320555749,0.1197105930020672,0.1324732704098017,-0.03506903213067377,0.48211120801650753,0.9832415517135147,0.998188017608607
bb_pctb|top_val,0.7547788130291527,0.9608269106155268,0.9636695799438456,-0.025789349550056257,0.6052683030148318,0.9832415517135147,0.998188017608607
zscore20|top_val,0.7551026623073737,1.7966340503659228,1.807716815736083,-0.025810639657158845,0.604970365723037,0.9832415517135147,0.998188017608607
s|consec_down,0.75646592428458,2.0,3.0,-0.016899757049465676,0.7348714470525022,0.9832415517135147,0.998188017608607
body_pct|at_entry,0.7576948502360596,1.3505578391074635,1.4093137254901906,-0.06982577496790209,0.16126122195176384,0.9832415517135147,0.998188017608607
ema20_dev|retr_m_pump,0.7576948502360596,-1.6886217463318811,-1.768748859494459,0.03284697369654252,0.5103145361371008,0.9832415517135147,0.998188017608607
pct_rank60|watch_min,0.7580974268863498,1.6666666666666667,1.6666666666666667,-0.019228173103197656,0.7000006271735163,0.9832415517135147,0.998188017608607
psar_dist|entry_m_top,0.7583433190765859,-10.23911896691514,-9.523034934906304,0.02891405765886762,0.5622614180137929,0.9832415517135147,0.998188017608607
stoch_rsi|at_entry,0.7589420054778013,0.0,0.0,-0.018695721828982582,0.7079224460912777,0.9832415517135147,0.998188017608607
cvd_norm|watch_mean,0.7619926531558758,0.16638631048239294,0.0,-0.024698465292497866,0.6358214109448267,0.9832415517135147,0.998188017608607
vpt_slope|retr_m_pump,0.7661380866625593,-0.0046524576998653,-0.0045344677103394,0.051409442019470765,0.30263600740012125,0.9832415517135147,0.998188017608607
psar_dist|watch_min,0.7680903744396929,-7.849640685461578,-7.907252210063542,0.04671093740261805,0.3490259030597174,0.9832415517135147,0.998188017608607
vwap_dev|watch_slope,0.7680905179235447,0.0101743133442771,0.0052927017745191,-0.006016300554786661,0.9040454549592035,0.9832415517135147,0.998188017608607
up_dn_vol20|retr_m_pump,0.770044421686463,-0.671262361780862,-0.7424513428274212,0.018726438400663886,0.7074645776359744,0.9832415517135147,0.998188017608607
kama_dev|watch_mean,0.770044421686463,0.0883485557770593,0.1351111475451264,-0.013099953502380843,0.7929350409195118,0.9832415517135147,0.998188017608607
sma50_dev|retr_m_pump,0.7706960481469771,-2.103146434393351,-2.121782280521447,0.033486839171923806,0.5021059408563353,0.9832415517135147,0.998188017608607
psar_dist|retr_mean,0.7752619417722619,-1.3648909545312806,-1.5288109689965157,0.03653748335958492,0.46394679510761694,0.9832415517135147,0.998188017608607
cvd_norm|top_val,0.7761101370049097,1.733810770017815,1.3075605535304895,0.025515090328355257,0.6246919335204055,0.9832415517135147,0.998188017608607
ema10_dev|entry_m_top,0.7765679189050086,-5.245987953619268,-4.963706105164578,0.04794095621307375,0.33646752363757315,0.9832415517135147,0.998188017608607
trix|retr_m_pump,0.7785280682864626,0.0044420660841393,-0.0122779308683072,0.010632940878868697,0.83127760064925,0.9832415517135147,0.998188017608607
fund|mean3,0.7817283988617953,0.005,0.005,-0.0008530953286384237,0.986361723286939,0.9832415517135147,0.9987867265208704
roc3|entry_m_top,0.7824525850417126,-5.424788062198685,-4.530708994682999,0.0482743559715773,0.33311405956383977,0.9832415517135147,0.998188017608607
adi_slope|watch_max,0.7831071166225737,0.3929280139814157,0.3957347123374923,-0.02899014131734212,0.5612328414715877,0.9832415517135147,0.998188017608607
sma50_dev|top_val,0.784416785263198,6.439272191343748,6.79679493151959,-0.005991827423651637,0.9044339105028412,0.9832415517135147,0.998188017608607
pct_rank60|at_entry,0.7856972882468477,1.6666666666666667,1.6666666666666667,0.0291209677460596,0.5594663198196366,0.9832415517135147,0.998188017608607
dd_from_max|top_val,0.7864436345912958,-0.0651465798045647,-0.0378357926598571,-0.032206419066251546,0.5186014594310381,0.9832415517135147,0.998188017608607
vol_ratio60|retr_mean,0.7870381896122908,1.062882669988083,1.0969671867132933,-0.06021468978990538,0.227183356313886,0.9832415517135147,0.998188017608607
di_diff|retr_m_pump,0.7870381896122908,-13.285751646863726,-13.197205019411571,0.01485921958614389,0.7658881419182353,0.9832415517135147,0.998188017608607
vol_ratio20|watch_min,0.7889787834184793,0.1006563241358149,0.0995309365032684,-0.017770140280989437,0.7217680581231136,0.9832415517135147,0.998188017608607
vol_ratio20|top_val,0.7906461749808117,2.3250765176458934,2.3286730720727045,-0.018374856685297602,0.7127116000410569,0.9832415517135147,0.998188017608607
roc5|watch_min,0.791631070208318,-6.268330553798382,-6.373345315038177,0.06036905027465833,0.225992107895376,0.9832415517135147,0.998188017608607
dc_pos|pump_mean,0.7919594301571202,0.667464097145892,0.6592207525858178,0.011718225365986436,0.8143548991262577,0.9832415517135147,0.998188017608607
roc10|at_entry,0.7922879285570388,-4.45642271484968,-4.336043360433604,0.03706105929037899,0.4575632943220197,0.9832415517135147,0.998188017608607
hv10|watch_slope,0.7929448139123596,0.0023440831589822,0.0022112489088815,0.00567580331234116,0.9094520919013821,0.9832415517135147,0.998188017608607
ulcer|retr_m_pump,0.7936018462307222,1.348146120978651,1.4199269154431613,0.003744559733061809,0.9401894292189341,0.9832415517135147,0.998188017608607
nvi|watch_mean,0.7936018462307222,0.1879804919795522,0.2408809099905011,0.0004789891726972532,0.9923422345791569,0.9832415517135147,0.9987867265208704
macd_sig|top_val,0.7942590250676935,1.1717664728575206,1.1200808982403956,0.005432123030334464,0.913323987458339,0.9832415517135147,0.998188017608607
atr_pct|retr_m_pump,0.7942590250676935,0.5085879412193272,0.4930970957578713,-0.004972060481482392,0.9206395509517623,0.9832415517135147,0.998188017608607
ema10_50_x|watch_max,0.7962314362412557,4.0961531568866505,4.366440939467964,-0.001507396397207959,0.975904014490265,0.9832415517135147,0.9987867265208704
aroon_osc|watch_mean,0.7962314362412557,17.81512605042017,17.473684210526315,-0.031991635888154575,0.5213955603128918,0.9832415517135147,0.998188017608607
s|rise_pct,0.7965601535656908,18.631249999999987,18.196632265073355,-0.012531162981829564,0.8017347115352189,0.9832415517135147,0.998188017608607
mass|retr_m_pump,0.7975471014547375,-0.2909896118265607,-0.3251919304314477,-0.039668565698588044,0.4265141378659806,0.9832415517135147,0.998188017608607
stoch_rsi|retr_m_pump,0.7975471014547375,-27.26482397988796,-29.047113442371653,0.010440944838900764,0.8342797395945376,0.9832415517135147,0.998188017608607
parkinson20|retr_mean,0.7995216769988788,1.07532856497735,1.068548205607534,-0.014940385684556873,0.7646468542010236,0.9832415517135147,0.998188017608607
cmf|entry_m_top,0.7995216769988788,-0.268653062602258,-0.2663683059497944,0.04954589751779148,0.3205224803631035,0.9832415517135147,0.998188017608607
adi_slope|entry_m_top,0.7995216769988788,-0.268653062602258,-0.2663683059497944,0.04954589751779148,0.3205224803631035,0.9832415517135147,0.998188017608607
oi|slope_4h,0.8014975350842235,0.1397614262444977,0.1325937697851319,0.0005168424203876136,0.9917370823926852,0.9842753015836003,0.9987867265208704
vol_ratio60|watch_min,0.8078138663266352,0.0863932792613242,0.0838570450213625,0.002916105479837644,0.9534049177838791,0.9844521112487065,0.9987867265208704
lr_slope10|retr_m_pump,0.8080928360751617,-0.2381814346352253,-0.2523654979522462,0.004054301211758893,0.935252454154149,0.9844521112487065,0.998188017608607
roc3|watch_max,0.8090831505898053,6.045490822027145,5.885262116716124,0.024168410708121164,0.6281413115377315,0.9844521112487065,0.998188017608607
stoch_rsi|top_val,0.811183494956828,85.6198530617747,87.52225121373353,-0.021916425494338733,0.6605147877451989,0.9844521112487065,0.998188017608607
delta_z20|retr_m_pump,0.8113423563046734,-0.2634355997065404,-0.2808057302875221,0.056627864540446604,0.2772821379363604,0.9844521112487065,0.998188017608607
zscore60|watch_slope,0.8113956395956924,-0.0076765159936998,-0.0072793311112852,-0.0025399893173767333,0.9594091509992748,0.9844521112487065,0.9987867265208704
tsi|pump_mean,0.8120566053209668,15.207543924685837,15.92698691444682,-0.014802803688143833,0.7667512734842793,0.9844521112487065,0.998188017608607
uo|watch_mean,0.8127177049973786,52.48826383105075,52.43364827936527,-0.015240481864563626,0.7600626810294743,0.9844521112487065,0.998188017608607
kama_dev|retr_m_pump,0.8133789381718168,-1.544349688085084,-1.429548197370623,0.010410553048687828,0.8347551815815696,0.9844521112487065,0.998188017608607
roc3|at_entry,0.8147017949236722,-2.559241706161132,-2.347216258766276,0.062488253322316535,0.21008497424979933,0.9844521112487065,0.998188017608607
aroon_osc|entry_m_top,0.81493234006729,-148.0,-144.0,-0.004087858428496799,0.9347177305627941,0.9844521112487065,0.998188017608607
stoch_d|watch_min,0.8153539885758149,5.91184395141234,5.71700991609454,-0.010965910980041177,0.826076961247881,0.9844521112487065,0.998188017608607
bb_width|retr_m_pump,0.8166870906355936,1.637013329772385,1.6806435332433245,-0.016042315563235397,0.7478556460973051,0.9844521112487065,0.998188017608607
roc15|watch_slope,0.8180112702166007,-0.0134812601217758,-0.0142458797980415,0.006078722016122207,0.9030547594080514,0.9844521112487065,0.998188017608607
roc5|retr_m_pump,0.8186735550292011,-1.754238483981066,-1.7085789069305666,0.007393394426291265,0.8822267865978288,0.9844521112487065,0.998188017608607
hv30|top_val,0.820661087840636,0.9245359169873144,0.9918920182000304,0.02990271710032763,0.548966906643158,0.9854752952324535,0.998188017608607
willr|retr_mean,0.8253034452384471,-61.99703101432592,-62.26452891244947,0.025806815586438707,0.6050238755767613,0.9860738337776659,0.998188017608607
stoch_k|retr_mean,0.8253034452384471,38.00296898567407,37.73547108755053,0.025806815586438707,0.6050238755767613,0.9860738337776659,0.998188017608607
stoch_rsi|retr_mean,0.8256352634430422,32.81727513514461,33.25674933237459,0.02349585768524925,0.6377388460441508,0.9860738337776659,0.998188017608607
hv10|watch_max,0.8266308350479954,2.104273375147587,2.003347706669011,-0.025488171831284243,0.6094900308551167,0.9860738337776659,0.998188017608607
cmf|watch_max,0.8279587759601553,0.3929280139814157,0.3957390802775332,-0.02934029603177241,0.5565108205102632,0.9860738337776659,0.998188017608607
uo|retr_m_pump,0.8312810327792061,-7.086809218311252,-7.474363152966916,0.053609298067937475,0.2823890522068347,0.9860738337776659,0.998188017608607
stoch_d|entry_m_top,0.8319458188021269,-67.44370759111628,-68.11663067594218,-0.02757299716737596,0.5805385381867623,0.9860738337776659,0.998188017608607
hv30|retr_mean,0.8332757510990537,1.0204901261905488,1.014689167409089,0.013961296874104282,0.7796595390560956,0.9860738337776659,0.998188017608607
trix|watch_max,0.8399324974938409,0.2392178146832594,0.2577667767018534,-0.019333910231387072,0.6984312985213812,0.9860738337776659,0.998188017608607
zscore60|at_entry,0.8405988105520822,-1.8698179861782516,-1.808549990817213,0.00890406658531858,0.8583942994264726,0.9860738337776659,0.998188017608607
vpt_slope|entry_m_top,0.841931778867703,-0.017400909099237,-0.0171627980604231,0.029890780641339567,0.5491264901342144,0.9860738337776659,0.998188017608607
dd_from_max|retr_m_pump,0.842598433195773,-3.434033790288586,-3.6887604753518106,-0.010557052396720234,0.8324639375235651,0.9860738337776659,0.998188017608607
s|autocorr1_watch,0.8445990712800511,0.0649716820769698,0.072264073374086,-0.023977120623559462,0.6308648035704854,0.9860738337776659,0.998188017608607
tk_buy1|retr_mean,0.8450750815186752,48.883986274551674,48.6991839897744,0.043454042309000414,0.4097693730501214,0.9860738337776659,0.998188017608607
obv_slope20|pump_mean,0.8459333117913763,0.1682180593132244,0.1646330536321934,-0.01457086884484797,0.7703027658576835,0.9860738337776659,0.998188017608607
roc5|watch_slope,0.8472681465736899,-0.0079024171898137,-0.0091950753288436,0.009525915370693397,0.8486199229607856,0.9860738337776659,0.998188017608607
mass|watch_slope,0.8479356904760778,-0.0071203176585445,-0.0064906043516459,0.02090300014285961,0.6752972080064221,0.9860738337776659,0.998188017608607
s|top_to_entry,0.8492584197702748,46.0,48.0,0.03842313612219562,0.44118898268836676,0.9860738337776659,0.998188017608607
pct_rank60|watch_max,0.8513266295014202,100.0,100.0,-0.048531201381461414,0.33054531753430805,0.9860738337776659,0.998188017608607
parkinson20|top_val,0.8516089860775151,1.0891830304533707,1.0953440862190862,0.04521028590149099,0.36474354571337686,0.9860738337776659,0.998188017608607
zscore20|watch_slope,0.8519432285909532,-0.0087717260476904,-0.0085369864141583,0.00816574626858881,0.8700274288002406,0.9860738337776659,0.998188017608607
bb_pctb|watch_slope,0.8519432285909532,-0.0022499002673935,-0.0021896908265245,0.00816574626858881,0.8700274288002406,0.9860738337776659,0.998188017608607
ema5_dev|retr_m_pump,0.8526115263611855,-0.7222201173061548,-0.7725119070430079,0.03061836373877255,0.5394410042506885,0.9860738337776659,0.998188017608607
cci|watch_slope,0.8532799299544369,-0.7395940879252327,-0.7361966250176,0.009670412864280638,0.8463519339288083,0.9860738337776659,0.998188017608607
tsi|entry_m_top,0.8532799299544369,-55.38315491882103,-55.818284587910775,0.04038795939147265,0.41816837635674786,0.9860738337776659,0.998188017608607
delta_ratio5|top_val,0.8538195531382712,5.151355259954908,5.848811710957677,-0.02431753879874043,0.6410412660693323,0.9860738337776659,0.998188017608607
sma5_dev|watch_max,0.8539483140690186,3.889672930748489,3.5778821828695406,0.016896576057051207,0.7349194800521734,0.9860738337776659,0.998188017608607
cvd_norm|retr_mean,0.859161971942773,0.4384535422549325,0.1649610240385847,0.011159831429967525,0.8305907575664949,0.9860738337776659,0.998188017608607
ao|watch_max,0.8596348701377903,5.611963359452622,5.440918019228787,-0.01091384390994989,0.8268896984718035,0.9860738337776659,0.998188017608607
s|kurt_watch,0.859969682908729,5.545380287810064,5.3709182393297725,-0.044061362298347284,0.37707021246226474,0.9860738337776659,0.998188017608607
roc30|watch_slope,0.8613088564059839,-0.0110660981563094,-0.017106363720877,0.012601491745535183,0.8006452829700712,0.9860738337776659,0.998188017608607
dpo|watch_max,0.8623134240567575,3.8904918933772814,3.7278287461773663,0.01984630481126256,0.6908447282714509,0.9860738337776659,0.998188017608607
psar_dist|watch_max,0.862648305009529,8.050146644445544,8.041705799882948,0.0021050428579236728,0.9663553770600258,0.9860738337776659,0.9987867265208704
roc5|watch_max,0.8633182340026218,6.858974358974352,6.650960492932234,0.006494295005112021,0.896463076032301,0.9860738337776659,0.998188017608607
stoch_d|at_entry,0.865999079777574,15.023328608551845,14.621994723608983,-0.009566498419899889,0.8479828167333313,0.9860738337776659,0.998188017608607
cvd_norm|watch_max,0.8660400720719236,3.936490386293796,3.2297922349401222,-0.005612846054404761,0.9143123771939519,0.9860738337776659,0.998188017608607
di_diff|watch_slope,0.8706940269694305,-0.08721094050725,-0.0800969299792508,0.008572486694492442,0.8636151088177166,0.9860738337776659,0.998188017608607
ema10_dev|watch_slope,0.8713651098602603,-0.0059731140546115,-0.0065013634034248,0.004863232394372604,0.9223710543962839,0.9860738337776659,0.998188017608607
sma50_dev|watch_slope,0.8713651098602603,-0.0106613942192509,-0.0123603551415785,0.014226269607936807,0.7755882792627122,0.9860738337776659,0.998188017608607
rsi14|entry_m_top,0.8740503628199594,-41.60135621053632,-41.79656191052062,0.07401019671859659,0.1375399775746039,0.9860738337776659,0.998188017608607
t|hour_utc,0.8762513400910927,10.0,9.0,0.02125624489167075,0.6701300278331542,0.9860738337776659,0.998188017608607
sma10_dev|retr_m_pump,0.876737067203824,-1.4118118481170212,-1.4418489956422131,0.007809234190582002,0.8756549168467749,0.9860738337776659,0.998188017608607
roc1|watch_max,0.8780808385903794,3.727865796831317,3.585918073550581,-0.02698502370312901,0.5886384323801839,0.9860738337776659,0.998188017608607
ulcer|top_val,0.8784168711929674,0.822974244769617,0.8246876593378718,0.07673187865114461,0.123613068115432,0.9860738337776659,0.998188017608607
delta_z20|entry_m_top,0.8790593457405999,-1.6920420465407782,-1.5743709481103743,0.03636907234686589,0.4855295177538609,0.9860738337776659,0.998188017608607
vpt_slope|at_entry,0.8814422007372225,-0.0084689162955215,-0.0089333271491817,0.03785106384914753,0.44802510828806646,0.9860738337776659,0.998188017608607
vortex_diff|watch_slope,0.8821147083787785,-0.0020270841120851,-0.0019459402781144,0.006254703220528835,0.900262563368757,0.9860738337776659,0.998188017608607
roc10|watch_slope,0.8854785119516793,-0.0117114144976686,-0.0130082467446482,0.01799357768696638,0.7184171690504211,0.9860738337776659,0.998188017608607
delta_ratio5|watch_mean,0.8859653961623325,0.5979267022728089,0.2610979108049373,0.00866399599255599,0.8680825775911923,0.9860738337776659,0.998188017608607
psar_dist|retr_m_pump,0.8861515223919472,-3.124647250786862,-3.046062799010323,-0.00883090790468625,0.8595456793325433,0.9860738337776659,0.998188017608607
range_ratio20|entry_m_top,0.8861515223919472,-0.1324122338739171,-0.10073852990781,-0.011527223855553461,0.8173271481488136,0.9860738337776659,0.998188017608607
rsi14|at_entry,0.8874977891694001,30.777361601893105,30.4374505803991,0.02301095287361656,0.6446964394059406,0.9860738337776659,0.998188017608607
roc1|watch_slope,0.8874977891694001,-0.0027040334518602,-0.002971051436791,0.05236760235163301,0.2937020109287059,0.9860738337776659,0.998188017608607
ema5_dev|watch_slope,0.8901912928963674,-0.0038711374764931,-0.0039204625002682,0.02274488821917758,0.6485272969326898,0.9860738337776659,0.998188017608607
ichi_conv_base|pump_mean,0.896256213896567,0.5927823824628438,0.612425932433156,-0.005349867688729801,0.9146314301580853,0.9860738337776659,0.998188017608607
zscore60|retr_m_pump,0.8982792890032976,-1.0502462137996913,-1.0656844761148787,-0.0036451949578746126,0.9417737005811309,0.9860738337776659,0.998188017608607
roc60|watch_max,0.8986164049478895,12.620192307692315,12.958027981345769,-0.0297234789687406,0.5513656121805321,0.9860738337776659,0.998188017608607
pct_rank60|retr_m_pump,0.9003029737911259,-21.70782463928967,-22.07716620413197,0.013315789808922993,0.7896026685882206,0.9860738337776659,0.998188017608607
rsi14|watch_slope,0.9009776800949104,-0.0748653453724082,-0.0708402416316245,0.017579011830049836,0.7246386401927851,0.9860738337776659,0.998188017608607
psar_dist|watch_mean,0.9009776800949104,0.0918457148258225,0.1776007401524058,-0.026611015113091125,0.5938176616574826,0.9860738337776659,0.998188017608607
oi|chg_4h,0.9016524579487395,5.616473795327437,6.6059993454753,-0.007227240507342711,0.8848549445959328,0.9860738337776659,0.998188017608607
oi|chg_pump,0.9026646873277338,2.208504634287789,2.67683252919686,0.007504320823980437,0.8804729130182576,0.9860738337776659,0.998188017608607
stoch_rsi|entry_m_top,0.9044684456462925,-82.80274284927467,-82.11249038130177,0.004019668092769463,0.9358043524191685,0.9860738337776659,0.998188017608607
kama_dev|watch_slope,0.9050274035736212,-0.0081068757695065,-0.0076638708226352,0.03105531396812138,0.5336656347645159,0.9860738337776659,0.998188017608607
trix|top_val,0.9057026005886243,0.1771803230054061,0.1729711775853804,-0.001532510571156371,0.9755026848541183,0.9860738337776659,0.9987867265208704
sma5_dev|retr_m_pump,0.9063778657725601,-0.8442676592077466,-0.848477962309797,0.02912024866671944,0.5594760220452623,0.9860738337776659,0.998188017608607
sma10_dev|at_entry,0.9077285987126212,-3.0013321839981177,-2.7749454893410075,0.05042525757952138,0.31199823064563426,0.9860738337776659,0.998188017608607
hv60|retr_mean,0.9077285987126212,0.982691849159922,0.9893948753839776,0.003089407369190186,0.9506392315071662,0.9860738337776659,0.9987867265208704
mass|retr_mean,0.9084040655010758,25.106935736431883,25.185005241915903,-0.03449850361380224,0.48927105962501916,0.9860738337776659,0.998188017608607
kst|top_val,0.9090795202691233,43.432358591287255,44.23976464251505,-0.010205280796502349,0.8379679797092547,0.9860738337776659,0.998188017608607
pct_rank60|watch_slope,0.909079598523124,-0.1653123405859779,-0.1746699756431384,0.0012340522720592985,0.980272480998569,0.9860738337776659,0.9987867265208704
ema10_dev|retr_m_pump,0.9097551972945694,-1.234440995851931,-1.269766873641897,0.009675326507009675,0.8462748330552243,0.9860738337776659,0.998188017608607
sma10_dev|watch_slope,0.9117823832611891,-0.0065333014927906,-0.0075574430211983,0.007683845307607683,0.8776356659398515,0.9860738337776659,0.998188017608607
macd_hist|at_entry,0.9124582401854198,-0.4199241519009781,-0.4010861165717407,0.02120691804498895,0.6708506427668245,0.9860738337776659,0.998188017608607
delta_ratio5|retr_mean,0.9136711158696099,-2.5673313884097064,-2.7453460304630557,0.034567853853212364,0.5074111203228827,0.9860738337776659,0.998188017608607
tk_buy1|entry_m_top,0.9139950793874472,-10.805813578593163,-10.546455046517003,0.018212275056439447,0.7298369858147652,0.9860738337776659,0.998188017608607
kama_dev|pump_mean,0.9151622962942476,0.5667588067918347,0.6504819651832221,0.01840777957034744,0.7122196775150862,0.9860738337776659,0.998188017608607
dc_pos|watch_min,0.9170052390813372,0.0169491525423718,0.0182555780933057,0.008719617746239512,0.861297746821443,0.9860738337776659,0.998188017608607
roc3|watch_slope,0.9178673345657558,-0.0061940352411056,-0.0064710143761198,0.04096431148491192,0.41155171624182457,0.9860738337776659,0.998188017608607
adx|watch_min,0.918313072497598,12.25504208361747,12.359337990065583,-0.01964490597203763,0.6938230238293921,0.9860738337776659,0.998188017608607
ema5_dev|entry_m_top,0.9185437439539957,-2.97048092836667,-2.892698199841659,0.05954934616704019,0.2323690531283082,0.9860738337776659,0.998188017608607
stoch_d|top_val,0.919558421010961,84.34987742215459,84.43281827520822,0.009594166083135012,0.8475485235981347,0.9860738337776659,0.998188017608607
s|rise_bars,0.9215251924798515,91.0,93.0,-0.03760861173053393,0.45094034309824904,0.9860738337776659,0.998188017608607
rsi7|top_val,0.9232802332061395,77.84366527380719,77.77025742547231,-0.05894897182025894,0.23711972247805616,0.9860738337776659,0.998188017608607
adi_slope|retr_mean,0.9232802332061395,-0.0217723322819255,-0.0169951110633289,0.0667762227008474,0.18040071641173017,0.9860738337776659,0.998188017608607
cmf|retr_mean,0.9232802332061395,-0.0217723322819254,-0.0169951110633289,0.0667762227008474,0.18040071641173017,0.9860738337776659,0.998188017608607
delta_z20|watch_mean,0.925248180648951,0.0018772287497924,0.0010158031575897,0.014685983746097883,0.7782886790345943,0.9860738337776659,0.998188017608607
adx|watch_slope,0.9253110001554157,-0.0026858990780778,0.0144253484789786,0.019416168250406513,0.6972113291136237,0.9860738337776659,0.998188017608607
roc5|at_entry,0.9253110001554157,-3.29723060049356,-3.210771620921794,0.04584665248989746,0.35802526294462367,0.9860738337776659,0.998188017608607
ema50_dev|watch_slope,0.9300513267034161,-0.0086564008781091,-0.0106664090299145,0.007817059621594914,0.8755313252949678,0.9860738337776659,0.998188017608607
obv_slope20|watch_mean,0.9300513267034161,0.0781756073358987,0.0850281604629595,-0.023061363208281123,0.6439716740979373,0.9860738337776659,0.998188017608607
atr_pct|top_val,0.9320836650887735,1.4817097086450148,1.480992814910438,0.029589046580423137,0.5531680543926292,0.9860738337776659,0.998188017608607
sma5_20_x|watch_slope,0.9327612102858387,-0.0063067441984682,-0.0066282352661754,0.009305893368493176,0.8520757149422884,0.9860738337776659,0.998188017608607
macd_sig|watch_max,0.9327612102858387,1.588515475964037,1.682679375474556,-0.014241920469962628,0.775347997367596,0.9860738337776659,0.998188017608607
stoch_d|watch_max,0.9347746978663456,96.1092600610438,95.91163489920964,-0.017339964773248916,0.7282343487539562,0.9860738337776659,0.998188017608607
s|pre_trend,0.9348602839005989,-0.9761388286334104,-0.9125475285171158,-0.026942701844618232,0.6005743681193816,0.9860738337776659,0.998188017608607
sma20_dev|watch_slope,0.935471873388044,-0.0097165072333394,-0.0109296671547217,0.0127026763883998,0.799078559073597,0.9860738337776659,0.998188017608607
rsi7|watch_slope,0.935471873388044,-0.1197566594150729,-0.1153014382609788,-0.0027137866805704556,0.9566343835293225,0.9860738337776659,0.9987867265208704
dc_pos|watch_mean,0.935471873388044,0.5524973803377226,0.551262837311278,-0.0338286103217435,0.49775017306097624,0.9860738337776659,0.998188017608607
mfi|watch_min,0.94157136152296,11.529908499632356,11.762128463829214,-0.0022336985384489136,0.9643004184554366,0.9860738337776659,0.9987867265208704
delta_z20|pump_mean,0.9422558349223511,0.0872268261241787,0.08396548762688161,0.028240859250514505,0.5881673287713115,0.9860738337776659,0.998188017608607
tk_buy1|top_val,0.9423349232624072,51.75426792629884,52.01771287789673,-0.027217702346068212,0.6057449498224254,0.9860738337776659,0.998188017608607
force|watch_slope,0.942929960813548,-3.175172737691465e-05,-3.0016388602174533e-05,0.04300110738948171,0.38866973976547725,0.9860738337776659,0.998188017608607
force|at_entry,0.9456432682749851,-0.0099596644400164,-0.0096593268831504,0.05915698269578818,0.23546608330580235,0.9860738337776659,0.998188017608607
adi_slope|retr_m_pump,0.9456432682749851,-0.0937546937400813,-0.1057892473373898,0.06829217247613925,0.17068614877777405,0.9860738337776659,0.998188017608607
wick_ratio|retr_m_pump,0.9463216949123483,0.0150448709750931,0.0192224613798076,0.050242724851476045,0.31375529059582513,0.9860738337776659,0.998188017608607
adi_slope|watch_mean,0.9497144022060398,0.0467240613862796,0.0361678068676642,-0.016638686201126313,0.7388170392867129,0.9860738337776659,0.998188017608607
sma5_dev|entry_m_top,0.9497144022060398,-3.373984035039579,-3.21124762145758,0.059855993870685666,0.2299687322131232,0.9860738337776659,0.998188017608607
uo|top_val,0.950053678711469,59.00507632682353,58.463565433485314,-0.0022697410325947993,0.9637247698788193,0.9860738337776659,0.9987867265208704
cmf|retr_m_pump,0.9510717438793315,-0.0937546937400813,-0.1030277118831838,0.06823994227379727,0.17101422444397613,0.9860738337776659,0.998188017608607
dc_pos|retr_m_pump,0.9510717438793315,-0.2781344731865099,-0.2818677470039378,0.018094944316598735,0.7168987470472628,0.9860738337776659,0.998188017608607
aroon_osc|at_entry,0.9512763425348449,-72.0,-68.0,-0.008243260646756323,0.8688047335534723,0.9860738337776659,0.998188017608607
vol_ratio20|entry_m_top,0.9524292275216373,-0.3387374974404351,-0.1444041714195338,-0.016029576489493446,0.7480491020429186,0.9860738337776659,0.998188017608607
kst|retr_m_pump,0.9531080213532966,-0.0426746147758514,-4.418789753934707,0.004744940995340229,0.924253538906337,0.9860738337776659,0.998188017608607
ema20_dev|watch_slope,0.95446571058122,-0.0082760526050457,-0.0084997519268148,0.01057488709995896,0.8321850998530675,0.9860738337776659,0.998188017608607
cmf|watch_mean,0.95446571058122,0.0475297243907976,0.0361678068676641,-0.016943878010629847,0.734205326962505,0.9860738337776659,0.998188017608607
ema20_dev|entry_m_top,0.9565024909631884,-7.375751520293261,-7.35024404169532,0.0567243655713793,0.25531720045901396,0.9860738337776659,0.998188017608607
obv_slope20|watch_slope,0.9592186376998676,-0.0012190225191124,-0.001136740018554,-0.011462254579469526,0.8183387594291515,0.9860738337776659,0.998188017608607
roc3|retr_m_pump,0.9605768905990932,-1.2510311896630744,-1.2528873322464495,0.02451580145607613,0.6232082319462489,0.9860738337776659,0.998188017608607
vortex_diff|at_entry,0.9605768905990932,-0.4441260744985668,-0.439258750857928,-0.00860142259056344,0.8631592660285639,0.9860738337776659,0.998188017608607
cvd_norm|pump_mean,0.961614355405526,0.3928522610152003,0.0400403622717279,-0.019779762364017718,0.7045237208279291,0.9860738337776659,0.998188017608607
s|red_ratio_retr,0.962269961080459,0.5714285714285714,0.580952380952381,-0.020868408440713717,0.6758040326401966,0.9860738337776659,0.998188017608607
stoch_rsi|pump_mean,0.9653316511185663,56.43251717455665,56.98556890417147,-0.0006438691842716116,0.9897063679064326,0.9860738337776659,0.9987867265208704
rsi28|entry_m_top,0.9653316511185663,-27.863825545196875,-28.65807241026441,0.07189714835834286,0.14916010298141838,0.9860738337776659,0.998188017608607
macd|watch_max,0.9653316511185663,1.9081840163126564,1.9878659158703136,-0.009545751928377286,0.8483084999576241,0.9860738337776659,0.998188017608607
stoch_d|retr_mean,0.9666903879852874,40.01129023685377,39.70969294401608,0.010852962881068916,0.8278402508434299,0.9860738337776659,0.998188017608607
ppo|watch_max,0.9666903879852874,1.9927023589324235,2.084898693722009,-0.010220194889629573,0.837734461905671,0.9860738337776659,0.998188017608607
cmf|pump_mean,0.9670300694776698,0.0727459876789125,0.0804413679328181,-0.026768903248869942,0.5916287106157552,0.9860738337776659,0.998188017608607
wick_ratio|watch_min,0.9678763927852292,0.0,0.0,0.0036796665497556436,0.9412240594121013,0.9860738337776659,0.998188017608607
sma5_dev|watch_slope,0.9707671631132178,-0.0042389296656864,-0.0043085624597297,0.03892969942155505,0.4351856903587667,0.9870453673411296,0.998188017608607
adi_slope|pump_mean,0.9711069185028646,0.0727459876789125,0.0804413679328181,-0.026855980299198626,0.5904230620139383,0.9870453673411296,0.998188017608607
cci|watch_min,0.9731456244894898,-284.0582445626723,-278.40909090907564,-0.004992901146636671,0.9203080091688944,0.9879593166655594,0.998188017608607
sma20_dev|entry_m_top,0.9789228988897699,-8.565500460805787,-8.452316218809774,0.048181542720028815,0.33404544515511014,0.9926621676461176,0.998188017608607
tk_buy15|watch_min,0.9907817804016646,44.197728115307356,43.78405844755515,-0.003485089366286117,0.9473147562450521,1.0,0.9987867265208704
stoch_d|watch_mean,0.9911603682744777,54.83060528096683,54.80725976356847,-0.03131864882104422,0.5302001136401854,1.0,0.998188017608607
rsi7|entry_m_top,0.9911603682744777,-55.2071310942067,-56.79959365126916,0.0466665028785757,0.3494850573762611,1.0,0.998188017608607
fund|last,0.992020442619219,0.005,0.005,-0.00028403887913491056,0.9954589272558341,1.0,0.9987867265208704
stoch_k|watch_mean,0.994560157489393,54.97920435665672,54.81743705144753,-0.03206679642323206,0.5204169244854282,1.0,0.998188017608607
willr|watch_mean,0.994560157489393,-45.02079564334328,-45.18256294855247,-0.03206679642323206,0.5204169244854282,1.0,0.998188017608607
lr_slope10|watch_slope,0.9966000823800168,-0.0012875768251296,-0.0013388868197518,0.0001803488868324384,0.9971166621767671,1.0,0.9987867265208704
range_ratio20|watch_min,0.9979555830968713,0.2460345298349535,0.240628388415541,0.022205813013950002,0.6563174066000177,1.0,0.998188017608607
kama_dev|retr_mean,0.9986400294948772,-0.7422472254646831,-0.7286109606474305,0.03569670449261634,0.4743002611060348,1.0,0.998188017608607
tk_buy5|top_val,0.9991983977858516,52.691536839574034,52.636973408855454,-0.010542290490007834,0.8415645817295877,1.0,0.998188017608607
dd_from_max|watch_slope,1.0,-0.0291946149028788,-0.0286833066692542,-0.018309324728998953,0.7136911104521627,1.0,0.998188017608607
roc30|retr_m_pump,1.0,-2.1200318125455118,-2.6262263314077767,0.020450035077949482,0.6819454185591985,1.0,0.998188017608607
